Workbook

Sheet Cover
B3: Configuration Parameters
B5: Generated: | C5: June 30, 2026
B6: Solution: | C6: Tmp69J9L8V7
B7: Customer: | C7: [Customer Name]
B8: Version: | C8: 1.0
B9: Status: | C9: Draft
C12: eoframework.org

Sheet All Parameters (Read Only)
A1: Total Parameters | B1: Categories | C1: Required | D1: Confidential/Secret
A2: 161 | B2: 12 | C2: 161 | D2: 48
A4: Parameter Name | B4: Category | C4: Production | D4: Test | E4: DR | F4: Description | G4: Required | H4: Data Type | I4: Validation Rules | J4: Security Level | K4: Owner Team | L4: Dependencies | M4: Notes | N4: Last Updated
A5: =IF('Project'!A3="","",'Project'!A3) | B5: Project | C5: =IF('Project'!B3="","",'Project'!B3) | D5: =IF('Project'!C3="","",'Project'!C3) | E5: =IF('Project'!D3="","",'Project'!D3) | F5: =IF('Project'!E3="","",'Project'!E3) | G5: =IF('Project'!F3="","",'Project'!F3) | H5: =IF('Project'!G3="","",'Project'!G3) | I5: =IF('Project'!H3="","",'Project'!H3) | J5: =IF('Project'!I3="","",'Project'!I3) | ... N5: =IF('Project'!M3="","",'Project'!M3)
A6: =IF('Project'!A4="","",'Project'!A4) | B6: Project | C6: =IF('Project'!B4="","",'Project'!B4) | D6: =IF('Project'!C4="","",'Project'!C4) | E6: =IF('Project'!D4="","",'Project'!D4) | F6: =IF('Project'!E4="","",'Project'!E4) | G6: =IF('Project'!F4="","",'Project'!F4) | H6: =IF('Project'!G4="","",'Project'!G4) | I6: =IF('Project'!H4="","",'Project'!H4) | J6: =IF('Project'!I4="","",'Project'!I4) | ... N6: =IF('Project'!M4="","",'Project'!M4)
A7: =IF('Project'!A5="","",'Project'!A5) | B7: Project | C7: =IF('Project'!B5="","",'Project'!B5) | D7: =IF('Project'!C5="","",'Project'!C5) | E7: =IF('Project'!D5="","",'Project'!D5) | F7: =IF('Project'!E5="","",'Project'!E5) | G7: =IF('Project'!F5="","",'Project'!F5) | H7: =IF('Project'!G5="","",'Project'!G5) | I7: =IF('Project'!H5="","",'Project'!H5) | J7: =IF('Project'!I5="","",'Project'!I5) | ... N7: =IF('Project'!M5="","",'Project'!M5)
A8: =IF('Project'!A6="","",'Project'!A6) | B8: Project | C8: =IF('Project'!B6="","",'Project'!B6) | D8: =IF('Project'!C6="","",'Project'!C6) | E8: =IF('Project'!D6="","",'Project'!D6) | F8: =IF('Project'!E6="","",'Project'!E6) | G8: =IF('Project'!F6="","",'Project'!F6) | H8: =IF('Project'!G6="","",'Project'!G6) | I8: =IF('Project'!H6="","",'Project'!H6) | J8: =IF('Project'!I6="","",'Project'!I6) | ... N8: =IF('Project'!M6="","",'Project'!M6)
A9: =IF('Project'!A7="","",'Project'!A7) | B9: Project | C9: =IF('Project'!B7="","",'Project'!B7) | D9: =IF('Project'!C7="","",'Project'!C7) | E9: =IF('Project'!D7="","",'Project'!D7) | F9: =IF('Project'!E7="","",'Project'!E7) | G9: =IF('Project'!F7="","",'Project'!F7) | H9: =IF('Project'!G7="","",'Project'!G7) | I9: =IF('Project'!H7="","",'Project'!H7) | J9: =IF('Project'!I7="","",'Project'!I7) | ... N9: =IF('Project'!M7="","",'Project'!M7)
A10: =IF('Project'!A8="","",'Project'!A8) | B10: Project | C10: =IF('Project'!B8="","",'Project'!B8) | D10: =IF('Project'!C8="","",'Project'!C8) | E10: =IF('Project'!D8="","",'Project'!D8) | F10: =IF('Project'!E8="","",'Project'!E8) | G10: =IF('Project'!F8="","",'Project'!F8) | H10: =IF('Project'!G8="","",'Project'!G8) | I10: =IF('Project'!H8="","",'Project'!H8) | J10: =IF('Project'!I8="","",'Project'!I8) | ... N10: =IF('Project'!M8="","",'Project'!M8)
A11: =IF('Project'!A9="","",'Project'!A9) | B11: Project | C11: =IF('Project'!B9="","",'Project'!B9) | D11: =IF('Project'!C9="","",'Project'!C9) | E11: =IF('Project'!D9="","",'Project'!D9) | F11: =IF('Project'!E9="","",'Project'!E9) | G11: =IF('Project'!F9="","",'Project'!F9) | H11: =IF('Project'!G9="","",'Project'!G9) | I11: =IF('Project'!H9="","",'Project'!H9) | J11: =IF('Project'!I9="","",'Project'!I9) | ... N11: =IF('Project'!M9="","",'Project'!M9)
A12: =IF('Project'!A10="","",'Project'!A10) | B12: Project | C12: =IF('Project'!B10="","",'Project'!B10) | D12: =IF('Project'!C10="","",'Project'!C10) | E12: =IF('Project'!D10="","",'Project'!D10) | F12: =IF('Project'!E10="","",'Project'!E10) | G12: =IF('Project'!F10="","",'Project'!F10) | H12: =IF('Project'!G10="","",'Project'!G10) | I12: =IF('Project'!H10="","",'Project'!H10) | J12: =IF('Project'!I10="","",'Project'!I10) | ... N12: =IF('Project'!M10="","",'Project'!M10)
A13: =IF('Networking'!A3="","",'Networking'!A3) | B13: Networking | C13: =IF('Networking'!B3="","",'Networking'!B3) | D13: =IF('Networking'!C3="","",'Networking'!C3) | E13: =IF('Networking'!D3="","",'Networking'!D3) | F13: =IF('Networking'!E3="","",'Networking'!E3) | G13: =IF('Networking'!F3="","",'Networking'!F3) | H13: =IF('Networking'!G3="","",'Networking'!G3) | I13: =IF('Networking'!H3="","",'Networking'!H3) | J13: =IF('Networking'!I3="","",'Networking'!I3) | ... N13: =IF('Networking'!M3="","",'Networking'!M3)
A14: =IF('Networking'!A4="","",'Networking'!A4) | B14: Networking | C14: =IF('Networking'!B4="","",'Networking'!B4) | D14: =IF('Networking'!C4="","",'Networking'!C4) | E14: =IF('Networking'!D4="","",'Networking'!D4) | F14: =IF('Networking'!E4="","",'Networking'!E4) | G14: =IF('Networking'!F4="","",'Networking'!F4) | H14: =IF('Networking'!G4="","",'Networking'!G4) | I14: =IF('Networking'!H4="","",'Networking'!H4) | J14: =IF('Networking'!I4="","",'Networking'!I4) | ... N14: =IF('Networking'!M4="","",'Networking'!M4)
A15: =IF('Networking'!A5="","",'Networking'!A5) | B15: Networking | C15: =IF('Networking'!B5="","",'Networking'!B5) | D15: =IF('Networking'!C5="","",'Networking'!C5) | E15: =IF('Networking'!D5="","",'Networking'!D5) | F15: =IF('Networking'!E5="","",'Networking'!E5) | G15: =IF('Networking'!F5="","",'Networking'!F5) | H15: =IF('Networking'!G5="","",'Networking'!G5) | I15: =IF('Networking'!H5="","",'Networking'!H5) | J15: =IF('Networking'!I5="","",'Networking'!I5) | ... N15: =IF('Networking'!M5="","",'Networking'!M5)
A16: =IF('Networking'!A6="","",'Networking'!A6) | B16: Networking | C16: =IF('Networking'!B6="","",'Networking'!B6) | D16: =IF('Networking'!C6="","",'Networking'!C6) | E16: =IF('Networking'!D6="","",'Networking'!D6) | F16: =IF('Networking'!E6="","",'Networking'!E6) | G16: =IF('Networking'!F6="","",'Networking'!F6) | H16: =IF('Networking'!G6="","",'Networking'!G6) | I16: =IF('Networking'!H6="","",'Networking'!H6) | J16: =IF('Networking'!I6="","",'Networking'!I6) | ... N16: =IF('Networking'!M6="","",'Networking'!M6)
A17: =IF('Networking'!A7="","",'Networking'!A7) | B17: Networking | C17: =IF('Networking'!B7="","",'Networking'!B7) | D17: =IF('Networking'!C7="","",'Networking'!C7) | E17: =IF('Networking'!D7="","",'Networking'!D7) | F17: =IF('Networking'!E7="","",'Networking'!E7) | G17: =IF('Networking'!F7="","",'Networking'!F7) | H17: =IF('Networking'!G7="","",'Networking'!G7) | I17: =IF('Networking'!H7="","",'Networking'!H7) | J17: =IF('Networking'!I7="","",'Networking'!I7) | ... N17: =IF('Networking'!M7="","",'Networking'!M7)
A18: =IF('Networking'!A8="","",'Networking'!A8) | B18: Networking | C18: =IF('Networking'!B8="","",'Networking'!B8) | D18: =IF('Networking'!C8="","",'Networking'!C8) | E18: =IF('Networking'!D8="","",'Networking'!D8) | F18: =IF('Networking'!E8="","",'Networking'!E8) | G18: =IF('Networking'!F8="","",'Networking'!F8) | H18: =IF('Networking'!G8="","",'Networking'!G8) | I18: =IF('Networking'!H8="","",'Networking'!H8) | J18: =IF('Networking'!I8="","",'Networking'!I8) | ... N18: =IF('Networking'!M8="","",'Networking'!M8)
A19: =IF('Networking'!A9="","",'Networking'!A9) | B19: Networking | C19: =IF('Networking'!B9="","",'Networking'!B9) | D19: =IF('Networking'!C9="","",'Networking'!C9) | E19: =IF('Networking'!D9="","",'Networking'!D9) | F19: =IF('Networking'!E9="","",'Networking'!E9) | G19: =IF('Networking'!F9="","",'Networking'!F9) | H19: =IF('Networking'!G9="","",'Networking'!G9) | I19: =IF('Networking'!H9="","",'Networking'!H9) | J19: =IF('Networking'!I9="","",'Networking'!I9) | ... N19: =IF('Networking'!M9="","",'Networking'!M9)
A20: =IF('Networking'!A10="","",'Networking'!A10) | B20: Networking | C20: =IF('Networking'!B10="","",'Networking'!B10) | D20: =IF('Networking'!C10="","",'Networking'!C10) | E20: =IF('Networking'!D10="","",'Networking'!D10) | F20: =IF('Networking'!E10="","",'Networking'!E10) | G20: =IF('Networking'!F10="","",'Networking'!F10) | H20: =IF('Networking'!G10="","",'Networking'!G10) | I20: =IF('Networking'!H10="","",'Networking'!H10) | J20: =IF('Networking'!I10="","",'Networking'!I10) | ... N20: =IF('Networking'!M10="","",'Networking'!M10)
A21: =IF('Networking'!A11="","",'Networking'!A11) | B21: Networking | C21: =IF('Networking'!B11="","",'Networking'!B11) | D21: =IF('Networking'!C11="","",'Networking'!C11) | E21: =IF('Networking'!D11="","",'Networking'!D11) | F21: =IF('Networking'!E11="","",'Networking'!E11) | G21: =IF('Networking'!F11="","",'Networking'!F11) | H21: =IF('Networking'!G11="","",'Networking'!G11) | I21: =IF('Networking'!H11="","",'Networking'!H11) | J21: =IF('Networking'!I11="","",'Networking'!I11) | ... N21: =IF('Networking'!M11="","",'Networking'!M11)
A22: =IF('Networking'!A12="","",'Networking'!A12) | B22: Networking | C22: =IF('Networking'!B12="","",'Networking'!B12) | D22: =IF('Networking'!C12="","",'Networking'!C12) | E22: =IF('Networking'!D12="","",'Networking'!D12) | F22: =IF('Networking'!E12="","",'Networking'!E12) | G22: =IF('Networking'!F12="","",'Networking'!F12) | H22: =IF('Networking'!G12="","",'Networking'!G12) | I22: =IF('Networking'!H12="","",'Networking'!H12) | J22: =IF('Networking'!I12="","",'Networking'!I12) | ... N22: =IF('Networking'!M12="","",'Networking'!M12)
A23: =IF('Networking'!A13="","",'Networking'!A13) | B23: Networking | C23: =IF('Networking'!B13="","",'Networking'!B13) | D23: =IF('Networking'!C13="","",'Networking'!C13) | E23: =IF('Networking'!D13="","",'Networking'!D13) | F23: =IF('Networking'!E13="","",'Networking'!E13) | G23: =IF('Networking'!F13="","",'Networking'!F13) | H23: =IF('Networking'!G13="","",'Networking'!G13) | I23: =IF('Networking'!H13="","",'Networking'!H13) | J23: =IF('Networking'!I13="","",'Networking'!I13) | ... N23: =IF('Networking'!M13="","",'Networking'!M13)
A24: =IF('Networking'!A14="","",'Networking'!A14) | B24: Networking | C24: =IF('Networking'!B14="","",'Networking'!B14) | D24: =IF('Networking'!C14="","",'Networking'!C14) | E24: =IF('Networking'!D14="","",'Networking'!D14) | F24: =IF('Networking'!E14="","",'Networking'!E14) | G24: =IF('Networking'!F14="","",'Networking'!F14) | H24: =IF('Networking'!G14="","",'Networking'!G14) | I24: =IF('Networking'!H14="","",'Networking'!H14) | J24: =IF('Networking'!I14="","",'Networking'!I14) | ... N24: =IF('Networking'!M14="","",'Networking'!M14)
... A26: =IF('Networking'!A16="","",'Networking'!A16) | B26: Networking | C26: =IF('Networking'!B16="","",'Networking'!B16) | D26: =IF('Networking'!C16="","",'Networking'!C16) | E26: =IF('Networking'!D16="","",'Networking'!D16) | F26: =IF('Networking'!E16="","",'Networking'!E16) | G26: =IF('Networking'!F16="","",'Networking'!F16) | H26: =IF('Networking'!G16="","",'Networking'!G16) | I26: =IF('Networking'!H16="","",'Networking'!H16) | J26: =IF('Networking'!I16="","",'Networking'!I16) | ... N26: =IF('Networking'!M16="","",'Networking'!M16)
A27: =IF('Security'!A3="","",'Security'!A3) | B27: Security | C27: =IF('Security'!B3="","",'Security'!B3) | D27: =IF('Security'!C3="","",'Security'!C3) | E27: =IF('Security'!D3="","",'Security'!D3) | F27: =IF('Security'!E3="","",'Security'!E3) | G27: =IF('Security'!F3="","",'Security'!F3) | H27: =IF('Security'!G3="","",'Security'!G3) | I27: =IF('Security'!H3="","",'Security'!H3) | J27: =IF('Security'!I3="","",'Security'!I3) | ... N27: =IF('Security'!M3="","",'Security'!M3)
A28: =IF('Security'!A4="","",'Security'!A4) | B28: Security | C28: =IF('Security'!B4="","",'Security'!B4) | D28: =IF('Security'!C4="","",'Security'!C4) | E28: =IF('Security'!D4="","",'Security'!D4) | F28: =IF('Security'!E4="","",'Security'!E4) | G28: =IF('Security'!F4="","",'Security'!F4) | H28: =IF('Security'!G4="","",'Security'!G4) | I28: =IF('Security'!H4="","",'Security'!H4) | J28: =IF('Security'!I4="","",'Security'!I4) | ... N28: =IF('Security'!M4="","",'Security'!M4)
A29: =IF('Security'!A5="","",'Security'!A5) | B29: Security | C29: =IF('Security'!B5="","",'Security'!B5) | D29: =IF('Security'!C5="","",'Security'!C5) | E29: =IF('Security'!D5="","",'Security'!D5) | F29: =IF('Security'!E5="","",'Security'!E5) | G29: =IF('Security'!F5="","",'Security'!F5) | H29: =IF('Security'!G5="","",'Security'!G5) | I29: =IF('Security'!H5="","",'Security'!H5) | J29: =IF('Security'!I5="","",'Security'!I5) | ... N29: =IF('Security'!M5="","",'Security'!M5)
A30: =IF('Security'!A6="","",'Security'!A6) | B30: Security | C30: =IF('Security'!B6="","",'Security'!B6) | D30: =IF('Security'!C6="","",'Security'!C6) | E30: =IF('Security'!D6="","",'Security'!D6) | F30: =IF('Security'!E6="","",'Security'!E6) | G30: =IF('Security'!F6="","",'Security'!F6) | H30: =IF('Security'!G6="","",'Security'!G6) | I30: =IF('Security'!H6="","",'Security'!H6) | J30: =IF('Security'!I6="","",'Security'!I6) | ... N30: =IF('Security'!M6="","",'Security'!M6)
A31: =IF('Security'!A7="","",'Security'!A7) | B31: Security | C31: =IF('Security'!B7="","",'Security'!B7) | D31: =IF('Security'!C7="","",'Security'!C7) | E31: =IF('Security'!D7="","",'Security'!D7) | F31: =IF('Security'!E7="","",'Security'!E7) | G31: =IF('Security'!F7="","",'Security'!F7) | H31: =IF('Security'!G7="","",'Security'!G7) | I31: =IF('Security'!H7="","",'Security'!H7) | J31: =IF('Security'!I7="","",'Security'!I7) | ... N31: =IF('Security'!M7="","",'Security'!M7)
A32: =IF('Security'!A8="","",'Security'!A8) | B32: Security | C32: =IF('Security'!B8="","",'Security'!B8) | D32: =IF('Security'!C8="","",'Security'!C8) | E32: =IF('Security'!D8="","",'Security'!D8) | F32: =IF('Security'!E8="","",'Security'!E8) | G32: =IF('Security'!F8="","",'Security'!F8) | H32: =IF('Security'!G8="","",'Security'!G8) | I32: =IF('Security'!H8="","",'Security'!H8) | J32: =IF('Security'!I8="","",'Security'!I8) | ... N32: =IF('Security'!M8="","",'Security'!M8)
A33: =IF('Security'!A9="","",'Security'!A9) | B33: Security | C33: =IF('Security'!B9="","",'Security'!B9) | D33: =IF('Security'!C9="","",'Security'!C9) | E33: =IF('Security'!D9="","",'Security'!D9) | F33: =IF('Security'!E9="","",'Security'!E9) | G33: =IF('Security'!F9="","",'Security'!F9) | H33: =IF('Security'!G9="","",'Security'!G9) | I33: =IF('Security'!H9="","",'Security'!H9) | J33: =IF('Security'!I9="","",'Security'!I9) | ... N33: =IF('Security'!M9="","",'Security'!M9)
A34: =IF('Security'!A10="","",'Security'!A10) | B34: Security | C34: =IF('Security'!B10="","",'Security'!B10) | D34: =IF('Security'!C10="","",'Security'!C10) | E34: =IF('Security'!D10="","",'Security'!D10) | F34: =IF('Security'!E10="","",'Security'!E10) | G34: =IF('Security'!F10="","",'Security'!F10) | H34: =IF('Security'!G10="","",'Security'!G10) | I34: =IF('Security'!H10="","",'Security'!H10) | J34: =IF('Security'!I10="","",'Security'!I10) | ... N34: =IF('Security'!M10="","",'Security'!M10)
A35: =IF('Security'!A11="","",'Security'!A11) | B35: Security | C35: =IF('Security'!B11="","",'Security'!B11) | D35: =IF('Security'!C11="","",'Security'!C11) | E35: =IF('Security'!D11="","",'Security'!D11) | F35: =IF('Security'!E11="","",'Security'!E11) | G35: =IF('Security'!F11="","",'Security'!F11) | H35: =IF('Security'!G11="","",'Security'!G11) | I35: =IF('Security'!H11="","",'Security'!H11) | J35: =IF('Security'!I11="","",'Security'!I11) | ... N35: =IF('Security'!M11="","",'Security'!M11)
A36: =IF('Security'!A12="","",'Security'!A12) | B36: Security | C36: =IF('Security'!B12="","",'Security'!B12) | D36: =IF('Security'!C12="","",'Security'!C12) | E36: =IF('Security'!D12="","",'Security'!D12) | F36: =IF('Security'!E12="","",'Security'!E12) | G36: =IF('Security'!F12="","",'Security'!F12) | H36: =IF('Security'!G12="","",'Security'!G12) | I36: =IF('Security'!H12="","",'Security'!H12) | J36: =IF('Security'!I12="","",'Security'!I12) | ... N36: =IF('Security'!M12="","",'Security'!M12)
A37: =IF('Security'!A13="","",'Security'!A13) | B37: Security | C37: =IF('Security'!B13="","",'Security'!B13) | D37: =IF('Security'!C13="","",'Security'!C13) | E37: =IF('Security'!D13="","",'Security'!D13) | F37: =IF('Security'!E13="","",'Security'!E13) | G37: =IF('Security'!F13="","",'Security'!F13) | H37: =IF('Security'!G13="","",'Security'!G13) | I37: =IF('Security'!H13="","",'Security'!H13) | J37: =IF('Security'!I13="","",'Security'!I13) | ... N37: =IF('Security'!M13="","",'Security'!M13)
A38: =IF('Security'!A14="","",'Security'!A14) | B38: Security | C38: =IF('Security'!B14="","",'Security'!B14) | D38: =IF('Security'!C14="","",'Security'!C14) | E38: =IF('Security'!D14="","",'Security'!D14) | F38: =IF('Security'!E14="","",'Security'!E14) | G38: =IF('Security'!F14="","",'Security'!F14) | H38: =IF('Security'!G14="","",'Security'!G14) | I38: =IF('Security'!H14="","",'Security'!H14) | J38: =IF('Security'!I14="","",'Security'!I14) | ... N38: =IF('Security'!M14="","",'Security'!M14)
... A51: =IF('Security'!A27="","",'Security'!A27) | B51: Security | C51: =IF('Security'!B27="","",'Security'!B27) | D51: =IF('Security'!C27="","",'Security'!C27) | E51: =IF('Security'!D27="","",'Security'!D27) | F51: =IF('Security'!E27="","",'Security'!E27) | G51: =IF('Security'!F27="","",'Security'!F27) | H51: =IF('Security'!G27="","",'Security'!G27) | I51: =IF('Security'!H27="","",'Security'!H27) | J51: =IF('Security'!I27="","",'Security'!I27) | ... N51: =IF('Security'!M27="","",'Security'!M27)
A52: =IF('Compute'!A3="","",'Compute'!A3) | B52: Compute | C52: =IF('Compute'!B3="","",'Compute'!B3) | D52: =IF('Compute'!C3="","",'Compute'!C3) | E52: =IF('Compute'!D3="","",'Compute'!D3) | F52: =IF('Compute'!E3="","",'Compute'!E3) | G52: =IF('Compute'!F3="","",'Compute'!F3) | H52: =IF('Compute'!G3="","",'Compute'!G3) | I52: =IF('Compute'!H3="","",'Compute'!H3) | J52: =IF('Compute'!I3="","",'Compute'!I3) | ... N52: =IF('Compute'!M3="","",'Compute'!M3)
A53: =IF('Compute'!A4="","",'Compute'!A4) | B53: Compute | C53: =IF('Compute'!B4="","",'Compute'!B4) | D53: =IF('Compute'!C4="","",'Compute'!C4) | E53: =IF('Compute'!D4="","",'Compute'!D4) | F53: =IF('Compute'!E4="","",'Compute'!E4) | G53: =IF('Compute'!F4="","",'Compute'!F4) | H53: =IF('Compute'!G4="","",'Compute'!G4) | I53: =IF('Compute'!H4="","",'Compute'!H4) | J53: =IF('Compute'!I4="","",'Compute'!I4) | ... N53: =IF('Compute'!M4="","",'Compute'!M4)
A54: =IF('Compute'!A5="","",'Compute'!A5) | B54: Compute | C54: =IF('Compute'!B5="","",'Compute'!B5) | D54: =IF('Compute'!C5="","",'Compute'!C5) | E54: =IF('Compute'!D5="","",'Compute'!D5) | F54: =IF('Compute'!E5="","",'Compute'!E5) | G54: =IF('Compute'!F5="","",'Compute'!F5) | H54: =IF('Compute'!G5="","",'Compute'!G5) | I54: =IF('Compute'!H5="","",'Compute'!H5) | J54: =IF('Compute'!I5="","",'Compute'!I5) | ... N54: =IF('Compute'!M5="","",'Compute'!M5)
A55: =IF('Compute'!A6="","",'Compute'!A6) | B55: Compute | C55: =IF('Compute'!B6="","",'Compute'!B6) | D55: =IF('Compute'!C6="","",'Compute'!C6) | E55: =IF('Compute'!D6="","",'Compute'!D6) | F55: =IF('Compute'!E6="","",'Compute'!E6) | G55: =IF('Compute'!F6="","",'Compute'!F6) | H55: =IF('Compute'!G6="","",'Compute'!G6) | I55: =IF('Compute'!H6="","",'Compute'!H6) | J55: =IF('Compute'!I6="","",'Compute'!I6) | ... N55: =IF('Compute'!M6="","",'Compute'!M6)
A56: =IF('Compute'!A7="","",'Compute'!A7) | B56: Compute | C56: =IF('Compute'!B7="","",'Compute'!B7) | D56: =IF('Compute'!C7="","",'Compute'!C7) | E56: =IF('Compute'!D7="","",'Compute'!D7) | F56: =IF('Compute'!E7="","",'Compute'!E7) | G56: =IF('Compute'!F7="","",'Compute'!F7) | H56: =IF('Compute'!G7="","",'Compute'!G7) | I56: =IF('Compute'!H7="","",'Compute'!H7) | J56: =IF('Compute'!I7="","",'Compute'!I7) | ... N56: =IF('Compute'!M7="","",'Compute'!M7)
A57: =IF('Compute'!A8="","",'Compute'!A8) | B57: Compute | C57: =IF('Compute'!B8="","",'Compute'!B8) | D57: =IF('Compute'!C8="","",'Compute'!C8) | E57: =IF('Compute'!D8="","",'Compute'!D8) | F57: =IF('Compute'!E8="","",'Compute'!E8) | G57: =IF('Compute'!F8="","",'Compute'!F8) | H57: =IF('Compute'!G8="","",'Compute'!G8) | I57: =IF('Compute'!H8="","",'Compute'!H8) | J57: =IF('Compute'!I8="","",'Compute'!I8) | ... N57: =IF('Compute'!M8="","",'Compute'!M8)
A58: =IF('Compute'!A9="","",'Compute'!A9) | B58: Compute | C58: =IF('Compute'!B9="","",'Compute'!B9) | D58: =IF('Compute'!C9="","",'Compute'!C9) | E58: =IF('Compute'!D9="","",'Compute'!D9) | F58: =IF('Compute'!E9="","",'Compute'!E9) | G58: =IF('Compute'!F9="","",'Compute'!F9) | H58: =IF('Compute'!G9="","",'Compute'!G9) | I58: =IF('Compute'!H9="","",'Compute'!H9) | J58: =IF('Compute'!I9="","",'Compute'!I9) | ... N58: =IF('Compute'!M9="","",'Compute'!M9)
A59: =IF('Compute'!A10="","",'Compute'!A10) | B59: Compute | C59: =IF('Compute'!B10="","",'Compute'!B10) | D59: =IF('Compute'!C10="","",'Compute'!C10) | E59: =IF('Compute'!D10="","",'Compute'!D10) | F59: =IF('Compute'!E10="","",'Compute'!E10) | G59: =IF('Compute'!F10="","",'Compute'!F10) | H59: =IF('Compute'!G10="","",'Compute'!G10) | I59: =IF('Compute'!H10="","",'Compute'!H10) | J59: =IF('Compute'!I10="","",'Compute'!I10) | ... N59: =IF('Compute'!M10="","",'Compute'!M10)
A60: =IF('Compute'!A11="","",'Compute'!A11) | B60: Compute | C60: =IF('Compute'!B11="","",'Compute'!B11) | D60: =IF('Compute'!C11="","",'Compute'!C11) | E60: =IF('Compute'!D11="","",'Compute'!D11) | F60: =IF('Compute'!E11="","",'Compute'!E11) | G60: =IF('Compute'!F11="","",'Compute'!F11) | H60: =IF('Compute'!G11="","",'Compute'!G11) | I60: =IF('Compute'!H11="","",'Compute'!H11) | J60: =IF('Compute'!I11="","",'Compute'!I11) | ... N60: =IF('Compute'!M11="","",'Compute'!M11)
A61: =IF('Compute'!A12="","",'Compute'!A12) | B61: Compute | C61: =IF('Compute'!B12="","",'Compute'!B12) | D61: =IF('Compute'!C12="","",'Compute'!C12) | E61: =IF('Compute'!D12="","",'Compute'!D12) | F61: =IF('Compute'!E12="","",'Compute'!E12) | G61: =IF('Compute'!F12="","",'Compute'!F12) | H61: =IF('Compute'!G12="","",'Compute'!G12) | I61: =IF('Compute'!H12="","",'Compute'!H12) | J61: =IF('Compute'!I12="","",'Compute'!I12) | ... N61: =IF('Compute'!M12="","",'Compute'!M12)
A62: =IF('Compute'!A13="","",'Compute'!A13) | B62: Compute | C62: =IF('Compute'!B13="","",'Compute'!B13) | D62: =IF('Compute'!C13="","",'Compute'!C13) | E62: =IF('Compute'!D13="","",'Compute'!D13) | F62: =IF('Compute'!E13="","",'Compute'!E13) | G62: =IF('Compute'!F13="","",'Compute'!F13) | H62: =IF('Compute'!G13="","",'Compute'!G13) | I62: =IF('Compute'!H13="","",'Compute'!H13) | J62: =IF('Compute'!I13="","",'Compute'!I13) | ... N62: =IF('Compute'!M13="","",'Compute'!M13)
A63: =IF('Compute'!A14="","",'Compute'!A14) | B63: Compute | C63: =IF('Compute'!B14="","",'Compute'!B14) | D63: =IF('Compute'!C14="","",'Compute'!C14) | E63: =IF('Compute'!D14="","",'Compute'!D14) | F63: =IF('Compute'!E14="","",'Compute'!E14) | G63: =IF('Compute'!F14="","",'Compute'!F14) | H63: =IF('Compute'!G14="","",'Compute'!G14) | I63: =IF('Compute'!H14="","",'Compute'!H14) | J63: =IF('Compute'!I14="","",'Compute'!I14) | ... N63: =IF('Compute'!M14="","",'Compute'!M14)
... A70: =IF('Compute'!A21="","",'Compute'!A21) | B70: Compute | C70: =IF('Compute'!B21="","",'Compute'!B21) | D70: =IF('Compute'!C21="","",'Compute'!C21) | E70: =IF('Compute'!D21="","",'Compute'!D21) | F70: =IF('Compute'!E21="","",'Compute'!E21) | G70: =IF('Compute'!F21="","",'Compute'!F21) | H70: =IF('Compute'!G21="","",'Compute'!G21) | I70: =IF('Compute'!H21="","",'Compute'!H21) | J70: =IF('Compute'!I21="","",'Compute'!I21) | ... N70: =IF('Compute'!M21="","",'Compute'!M21)
A71: =IF('Storage'!A3="","",'Storage'!A3) | B71: Storage | C71: =IF('Storage'!B3="","",'Storage'!B3) | D71: =IF('Storage'!C3="","",'Storage'!C3) | E71: =IF('Storage'!D3="","",'Storage'!D3) | F71: =IF('Storage'!E3="","",'Storage'!E3) | G71: =IF('Storage'!F3="","",'Storage'!F3) | H71: =IF('Storage'!G3="","",'Storage'!G3) | I71: =IF('Storage'!H3="","",'Storage'!H3) | J71: =IF('Storage'!I3="","",'Storage'!I3) | ... N71: =IF('Storage'!M3="","",'Storage'!M3)
A72: =IF('Storage'!A4="","",'Storage'!A4) | B72: Storage | C72: =IF('Storage'!B4="","",'Storage'!B4) | D72: =IF('Storage'!C4="","",'Storage'!C4) | E72: =IF('Storage'!D4="","",'Storage'!D4) | F72: =IF('Storage'!E4="","",'Storage'!E4) | G72: =IF('Storage'!F4="","",'Storage'!F4) | H72: =IF('Storage'!G4="","",'Storage'!G4) | I72: =IF('Storage'!H4="","",'Storage'!H4) | J72: =IF('Storage'!I4="","",'Storage'!I4) | ... N72: =IF('Storage'!M4="","",'Storage'!M4)
A73: =IF('Storage'!A5="","",'Storage'!A5) | B73: Storage | C73: =IF('Storage'!B5="","",'Storage'!B5) | D73: =IF('Storage'!C5="","",'Storage'!C5) | E73: =IF('Storage'!D5="","",'Storage'!D5) | F73: =IF('Storage'!E5="","",'Storage'!E5) | G73: =IF('Storage'!F5="","",'Storage'!F5) | H73: =IF('Storage'!G5="","",'Storage'!G5) | I73: =IF('Storage'!H5="","",'Storage'!H5) | J73: =IF('Storage'!I5="","",'Storage'!I5) | ... N73: =IF('Storage'!M5="","",'Storage'!M5)
A74: =IF('Storage'!A6="","",'Storage'!A6) | B74: Storage | C74: =IF('Storage'!B6="","",'Storage'!B6) | D74: =IF('Storage'!C6="","",'Storage'!C6) | E74: =IF('Storage'!D6="","",'Storage'!D6) | F74: =IF('Storage'!E6="","",'Storage'!E6) | G74: =IF('Storage'!F6="","",'Storage'!F6) | H74: =IF('Storage'!G6="","",'Storage'!G6) | I74: =IF('Storage'!H6="","",'Storage'!H6) | J74: =IF('Storage'!I6="","",'Storage'!I6) | ... N74: =IF('Storage'!M6="","",'Storage'!M6)
A75: =IF('Storage'!A7="","",'Storage'!A7) | B75: Storage | C75: =IF('Storage'!B7="","",'Storage'!B7) | D75: =IF('Storage'!C7="","",'Storage'!C7) | E75: =IF('Storage'!D7="","",'Storage'!D7) | F75: =IF('Storage'!E7="","",'Storage'!E7) | G75: =IF('Storage'!F7="","",'Storage'!F7) | H75: =IF('Storage'!G7="","",'Storage'!G7) | I75: =IF('Storage'!H7="","",'Storage'!H7) | J75: =IF('Storage'!I7="","",'Storage'!I7) | ... N75: =IF('Storage'!M7="","",'Storage'!M7)
A76: =IF('Storage'!A8="","",'Storage'!A8) | B76: Storage | C76: =IF('Storage'!B8="","",'Storage'!B8) | D76: =IF('Storage'!C8="","",'Storage'!C8) | E76: =IF('Storage'!D8="","",'Storage'!D8) | F76: =IF('Storage'!E8="","",'Storage'!E8) | G76: =IF('Storage'!F8="","",'Storage'!F8) | H76: =IF('Storage'!G8="","",'Storage'!G8) | I76: =IF('Storage'!H8="","",'Storage'!H8) | J76: =IF('Storage'!I8="","",'Storage'!I8) | ... N76: =IF('Storage'!M8="","",'Storage'!M8)
A77: =IF('Storage'!A9="","",'Storage'!A9) | B77: Storage | C77: =IF('Storage'!B9="","",'Storage'!B9) | D77: =IF('Storage'!C9="","",'Storage'!C9) | E77: =IF('Storage'!D9="","",'Storage'!D9) | F77: =IF('Storage'!E9="","",'Storage'!E9) | G77: =IF('Storage'!F9="","",'Storage'!F9) | H77: =IF('Storage'!G9="","",'Storage'!G9) | I77: =IF('Storage'!H9="","",'Storage'!H9) | J77: =IF('Storage'!I9="","",'Storage'!I9) | ... N77: =IF('Storage'!M9="","",'Storage'!M9)
A78: =IF('Storage'!A10="","",'Storage'!A10) | B78: Storage | C78: =IF('Storage'!B10="","",'Storage'!B10) | D78: =IF('Storage'!C10="","",'Storage'!C10) | E78: =IF('Storage'!D10="","",'Storage'!D10) | F78: =IF('Storage'!E10="","",'Storage'!E10) | G78: =IF('Storage'!F10="","",'Storage'!F10) | H78: =IF('Storage'!G10="","",'Storage'!G10) | I78: =IF('Storage'!H10="","",'Storage'!H10) | J78: =IF('Storage'!I10="","",'Storage'!I10) | ... N78: =IF('Storage'!M10="","",'Storage'!M10)
A79: =IF('Storage'!A11="","",'Storage'!A11) | B79: Storage | C79: =IF('Storage'!B11="","",'Storage'!B11) | D79: =IF('Storage'!C11="","",'Storage'!C11) | E79: =IF('Storage'!D11="","",'Storage'!D11) | F79: =IF('Storage'!E11="","",'Storage'!E11) | G79: =IF('Storage'!F11="","",'Storage'!F11) | H79: =IF('Storage'!G11="","",'Storage'!G11) | I79: =IF('Storage'!H11="","",'Storage'!H11) | J79: =IF('Storage'!I11="","",'Storage'!I11) | ... N79: =IF('Storage'!M11="","",'Storage'!M11)
A80: =IF('Storage'!A12="","",'Storage'!A12) | B80: Storage | C80: =IF('Storage'!B12="","",'Storage'!B12) | D80: =IF('Storage'!C12="","",'Storage'!C12) | E80: =IF('Storage'!D12="","",'Storage'!D12) | F80: =IF('Storage'!E12="","",'Storage'!E12) | G80: =IF('Storage'!F12="","",'Storage'!F12) | H80: =IF('Storage'!G12="","",'Storage'!G12) | I80: =IF('Storage'!H12="","",'Storage'!H12) | J80: =IF('Storage'!I12="","",'Storage'!I12) | ... N80: =IF('Storage'!M12="","",'Storage'!M12)
A81: =IF('Storage'!A13="","",'Storage'!A13) | B81: Storage | C81: =IF('Storage'!B13="","",'Storage'!B13) | D81: =IF('Storage'!C13="","",'Storage'!C13) | E81: =IF('Storage'!D13="","",'Storage'!D13) | F81: =IF('Storage'!E13="","",'Storage'!E13) | G81: =IF('Storage'!F13="","",'Storage'!F13) | H81: =IF('Storage'!G13="","",'Storage'!G13) | I81: =IF('Storage'!H13="","",'Storage'!H13) | J81: =IF('Storage'!I13="","",'Storage'!I13) | ... N81: =IF('Storage'!M13="","",'Storage'!M13)
A82: =IF('Storage'!A14="","",'Storage'!A14) | B82: Storage | C82: =IF('Storage'!B14="","",'Storage'!B14) | D82: =IF('Storage'!C14="","",'Storage'!C14) | E82: =IF('Storage'!D14="","",'Storage'!D14) | F82: =IF('Storage'!E14="","",'Storage'!E14) | G82: =IF('Storage'!F14="","",'Storage'!F14) | H82: =IF('Storage'!G14="","",'Storage'!G14) | I82: =IF('Storage'!H14="","",'Storage'!H14) | J82: =IF('Storage'!I14="","",'Storage'!I14) | ... N82: =IF('Storage'!M14="","",'Storage'!M14)
A83: =IF('Database'!A3="","",'Database'!A3) | B83: Database | C83: =IF('Database'!B3="","",'Database'!B3) | D83: =IF('Database'!C3="","",'Database'!C3) | E83: =IF('Database'!D3="","",'Database'!D3) | F83: =IF('Database'!E3="","",'Database'!E3) | G83: =IF('Database'!F3="","",'Database'!F3) | H83: =IF('Database'!G3="","",'Database'!G3) | I83: =IF('Database'!H3="","",'Database'!H3) | J83: =IF('Database'!I3="","",'Database'!I3) | ... N83: =IF('Database'!M3="","",'Database'!M3)
A84: =IF('Database'!A4="","",'Database'!A4) | B84: Database | C84: =IF('Database'!B4="","",'Database'!B4) | D84: =IF('Database'!C4="","",'Database'!C4) | E84: =IF('Database'!D4="","",'Database'!D4) | F84: =IF('Database'!E4="","",'Database'!E4) | G84: =IF('Database'!F4="","",'Database'!F4) | H84: =IF('Database'!G4="","",'Database'!G4) | I84: =IF('Database'!H4="","",'Database'!H4) | J84: =IF('Database'!I4="","",'Database'!I4) | ... N84: =IF('Database'!M4="","",'Database'!M4)
A85: =IF('Database'!A5="","",'Database'!A5) | B85: Database | C85: =IF('Database'!B5="","",'Database'!B5) | D85: =IF('Database'!C5="","",'Database'!C5) | E85: =IF('Database'!D5="","",'Database'!D5) | F85: =IF('Database'!E5="","",'Database'!E5) | G85: =IF('Database'!F5="","",'Database'!F5) | H85: =IF('Database'!G5="","",'Database'!G5) | I85: =IF('Database'!H5="","",'Database'!H5) | J85: =IF('Database'!I5="","",'Database'!I5) | ... N85: =IF('Database'!M5="","",'Database'!M5)
A86: =IF('Database'!A6="","",'Database'!A6) | B86: Database | C86: =IF('Database'!B6="","",'Database'!B6) | D86: =IF('Database'!C6="","",'Database'!C6) | E86: =IF('Database'!D6="","",'Database'!D6) | F86: =IF('Database'!E6="","",'Database'!E6) | G86: =IF('Database'!F6="","",'Database'!F6) | H86: =IF('Database'!G6="","",'Database'!G6) | I86: =IF('Database'!H6="","",'Database'!H6) | J86: =IF('Database'!I6="","",'Database'!I6) | ... N86: =IF('Database'!M6="","",'Database'!M6)
A87: =IF('Database'!A7="","",'Database'!A7) | B87: Database | C87: =IF('Database'!B7="","",'Database'!B7) | D87: =IF('Database'!C7="","",'Database'!C7) | E87: =IF('Database'!D7="","",'Database'!D7) | F87: =IF('Database'!E7="","",'Database'!E7) | G87: =IF('Database'!F7="","",'Database'!F7) | H87: =IF('Database'!G7="","",'Database'!G7) | I87: =IF('Database'!H7="","",'Database'!H7) | J87: =IF('Database'!I7="","",'Database'!I7) | ... N87: =IF('Database'!M7="","",'Database'!M7)
A88: =IF('Database'!A8="","",'Database'!A8) | B88: Database | C88: =IF('Database'!B8="","",'Database'!B8) | D88: =IF('Database'!C8="","",'Database'!C8) | E88: =IF('Database'!D8="","",'Database'!D8) | F88: =IF('Database'!E8="","",'Database'!E8) | G88: =IF('Database'!F8="","",'Database'!F8) | H88: =IF('Database'!G8="","",'Database'!G8) | I88: =IF('Database'!H8="","",'Database'!H8) | J88: =IF('Database'!I8="","",'Database'!I8) | ... N88: =IF('Database'!M8="","",'Database'!M8)
A89: =IF('Database'!A9="","",'Database'!A9) | B89: Database | C89: =IF('Database'!B9="","",'Database'!B9) | D89: =IF('Database'!C9="","",'Database'!C9) | E89: =IF('Database'!D9="","",'Database'!D9) | F89: =IF('Database'!E9="","",'Database'!E9) | G89: =IF('Database'!F9="","",'Database'!F9) | H89: =IF('Database'!G9="","",'Database'!G9) | I89: =IF('Database'!H9="","",'Database'!H9) | J89: =IF('Database'!I9="","",'Database'!I9) | ... N89: =IF('Database'!M9="","",'Database'!M9)
A90: =IF('Database'!A10="","",'Database'!A10) | B90: Database | C90: =IF('Database'!B10="","",'Database'!B10) | D90: =IF('Database'!C10="","",'Database'!C10) | E90: =IF('Database'!D10="","",'Database'!D10) | F90: =IF('Database'!E10="","",'Database'!E10) | G90: =IF('Database'!F10="","",'Database'!F10) | H90: =IF('Database'!G10="","",'Database'!G10) | I90: =IF('Database'!H10="","",'Database'!H10) | J90: =IF('Database'!I10="","",'Database'!I10) | ... N90: =IF('Database'!M10="","",'Database'!M10)
A91: =IF('Database'!A11="","",'Database'!A11) | B91: Database | C91: =IF('Database'!B11="","",'Database'!B11) | D91: =IF('Database'!C11="","",'Database'!C11) | E91: =IF('Database'!D11="","",'Database'!D11) | F91: =IF('Database'!E11="","",'Database'!E11) | G91: =IF('Database'!F11="","",'Database'!F11) | H91: =IF('Database'!G11="","",'Database'!G11) | I91: =IF('Database'!H11="","",'Database'!H11) | J91: =IF('Database'!I11="","",'Database'!I11) | ... N91: =IF('Database'!M11="","",'Database'!M11)
A92: =IF('Cache'!A3="","",'Cache'!A3) | B92: Cache | C92: =IF('Cache'!B3="","",'Cache'!B3) | D92: =IF('Cache'!C3="","",'Cache'!C3) | E92: =IF('Cache'!D3="","",'Cache'!D3) | F92: =IF('Cache'!E3="","",'Cache'!E3) | G92: =IF('Cache'!F3="","",'Cache'!F3) | H92: =IF('Cache'!G3="","",'Cache'!G3) | I92: =IF('Cache'!H3="","",'Cache'!H3) | J92: =IF('Cache'!I3="","",'Cache'!I3) | ... N92: =IF('Cache'!M3="","",'Cache'!M3)
A93: =IF('Cache'!A4="","",'Cache'!A4) | B93: Cache | C93: =IF('Cache'!B4="","",'Cache'!B4) | D93: =IF('Cache'!C4="","",'Cache'!C4) | E93: =IF('Cache'!D4="","",'Cache'!D4) | F93: =IF('Cache'!E4="","",'Cache'!E4) | G93: =IF('Cache'!F4="","",'Cache'!F4) | H93: =IF('Cache'!G4="","",'Cache'!G4) | I93: =IF('Cache'!H4="","",'Cache'!H4) | J93: =IF('Cache'!I4="","",'Cache'!I4) | ... N93: =IF('Cache'!M4="","",'Cache'!M4)
A94: =IF('Cache'!A5="","",'Cache'!A5) | B94: Cache | C94: =IF('Cache'!B5="","",'Cache'!B5) | D94: =IF('Cache'!C5="","",'Cache'!C5) | E94: =IF('Cache'!D5="","",'Cache'!D5) | F94: =IF('Cache'!E5="","",'Cache'!E5) | G94: =IF('Cache'!F5="","",'Cache'!F5) | H94: =IF('Cache'!G5="","",'Cache'!G5) | I94: =IF('Cache'!H5="","",'Cache'!H5) | J94: =IF('Cache'!I5="","",'Cache'!I5) | ... N94: =IF('Cache'!M5="","",'Cache'!M5)
A95: =IF('Cache'!A6="","",'Cache'!A6) | B95: Cache | C95: =IF('Cache'!B6="","",'Cache'!B6) | D95: =IF('Cache'!C6="","",'Cache'!C6) | E95: =IF('Cache'!D6="","",'Cache'!D6) | F95: =IF('Cache'!E6="","",'Cache'!E6) | G95: =IF('Cache'!F6="","",'Cache'!F6) | H95: =IF('Cache'!G6="","",'Cache'!G6) | I95: =IF('Cache'!H6="","",'Cache'!H6) | J95: =IF('Cache'!I6="","",'Cache'!I6) | ... N95: =IF('Cache'!M6="","",'Cache'!M6)
A96: =IF('Cache'!A7="","",'Cache'!A7) | B96: Cache | C96: =IF('Cache'!B7="","",'Cache'!B7) | D96: =IF('Cache'!C7="","",'Cache'!C7) | E96: =IF('Cache'!D7="","",'Cache'!D7) | F96: =IF('Cache'!E7="","",'Cache'!E7) | G96: =IF('Cache'!F7="","",'Cache'!F7) | H96: =IF('Cache'!G7="","",'Cache'!G7) | I96: =IF('Cache'!H7="","",'Cache'!H7) | J96: =IF('Cache'!I7="","",'Cache'!I7) | ... N96: =IF('Cache'!M7="","",'Cache'!M7)
A97: =IF('Cache'!A8="","",'Cache'!A8) | B97: Cache | C97: =IF('Cache'!B8="","",'Cache'!B8) | D97: =IF('Cache'!C8="","",'Cache'!C8) | E97: =IF('Cache'!D8="","",'Cache'!D8) | F97: =IF('Cache'!E8="","",'Cache'!E8) | G97: =IF('Cache'!F8="","",'Cache'!F8) | H97: =IF('Cache'!G8="","",'Cache'!G8) | I97: =IF('Cache'!H8="","",'Cache'!H8) | J97: =IF('Cache'!I8="","",'Cache'!I8) | ... N97: =IF('Cache'!M8="","",'Cache'!M8)
A98: =IF('Application'!A3="","",'Application'!A3) | B98: Application | C98: =IF('Application'!B3="","",'Application'!B3) | D98: =IF('Application'!C3="","",'Application'!C3) | E98: =IF('Application'!D3="","",'Application'!D3) | F98: =IF('Application'!E3="","",'Application'!E3) | G98: =IF('Application'!F3="","",'Application'!F3) | H98: =IF('Application'!G3="","",'Application'!G3) | I98: =IF('Application'!H3="","",'Application'!H3) | J98: =IF('Application'!I3="","",'Application'!I3) | ... N98: =IF('Application'!M3="","",'Application'!M3)
A99: =IF('Application'!A4="","",'Application'!A4) | B99: Application | C99: =IF('Application'!B4="","",'Application'!B4) | D99: =IF('Application'!C4="","",'Application'!C4) | E99: =IF('Application'!D4="","",'Application'!D4) | F99: =IF('Application'!E4="","",'Application'!E4) | G99: =IF('Application'!F4="","",'Application'!F4) | H99: =IF('Application'!G4="","",'Application'!G4) | I99: =IF('Application'!H4="","",'Application'!H4) | J99: =IF('Application'!I4="","",'Application'!I4) | ... N99: =IF('Application'!M4="","",'Application'!M4)
A100: =IF('Application'!A5="","",'Application'!A5) | B100: Application | C100: =IF('Application'!B5="","",'Application'!B5) | D100: =IF('Application'!C5="","",'Application'!C5) | E100: =IF('Application'!D5="","",'Application'!D5) | F100: =IF('Application'!E5="","",'Application'!E5) | G100: =IF('Application'!F5="","",'Application'!F5) | H100: =IF('Application'!G5="","",'Application'!G5) | I100: =IF('Application'!H5="","",'Application'!H5) | J100: =IF('Application'!I5="","",'Application'!I5) | ... N100: =IF('Application'!M5="","",'Application'!M5)
A101: =IF('Application'!A6="","",'Application'!A6) | B101: Application | C101: =IF('Application'!B6="","",'Application'!B6) | D101: =IF('Application'!C6="","",'Application'!C6) | E101: =IF('Application'!D6="","",'Application'!D6) | F101: =IF('Application'!E6="","",'Application'!E6) | G101: =IF('Application'!F6="","",'Application'!F6) | H101: =IF('Application'!G6="","",'Application'!G6) | I101: =IF('Application'!H6="","",'Application'!H6) | J101: =IF('Application'!I6="","",'Application'!I6) | ... N101: =IF('Application'!M6="","",'Application'!M6)
A102: =IF('Application'!A7="","",'Application'!A7) | B102: Application | C102: =IF('Application'!B7="","",'Application'!B7) | D102: =IF('Application'!C7="","",'Application'!C7) | E102: =IF('Application'!D7="","",'Application'!D7) | F102: =IF('Application'!E7="","",'Application'!E7) | G102: =IF('Application'!F7="","",'Application'!F7) | H102: =IF('Application'!G7="","",'Application'!G7) | I102: =IF('Application'!H7="","",'Application'!H7) | J102: =IF('Application'!I7="","",'Application'!I7) | ... N102: =IF('Application'!M7="","",'Application'!M7)
A103: =IF('Application'!A8="","",'Application'!A8) | B103: Application | C103: =IF('Application'!B8="","",'Application'!B8) | D103: =IF('Application'!C8="","",'Application'!C8) | E103: =IF('Application'!D8="","",'Application'!D8) | F103: =IF('Application'!E8="","",'Application'!E8) | G103: =IF('Application'!F8="","",'Application'!F8) | H103: =IF('Application'!G8="","",'Application'!G8) | I103: =IF('Application'!H8="","",'Application'!H8) | J103: =IF('Application'!I8="","",'Application'!I8) | ... N103: =IF('Application'!M8="","",'Application'!M8)
A104: =IF('Application'!A9="","",'Application'!A9) | B104: Application | C104: =IF('Application'!B9="","",'Application'!B9) | D104: =IF('Application'!C9="","",'Application'!C9) | E104: =IF('Application'!D9="","",'Application'!D9) | F104: =IF('Application'!E9="","",'Application'!E9) | G104: =IF('Application'!F9="","",'Application'!F9) | H104: =IF('Application'!G9="","",'Application'!G9) | I104: =IF('Application'!H9="","",'Application'!H9) | J104: =IF('Application'!I9="","",'Application'!I9) | ... N104: =IF('Application'!M9="","",'Application'!M9)
A105: =IF('Monitoring'!A3="","",'Monitoring'!A3) | B105: Monitoring | C105: =IF('Monitoring'!B3="","",'Monitoring'!B3) | D105: =IF('Monitoring'!C3="","",'Monitoring'!C3) | E105: =IF('Monitoring'!D3="","",'Monitoring'!D3) | F105: =IF('Monitoring'!E3="","",'Monitoring'!E3) | G105: =IF('Monitoring'!F3="","",'Monitoring'!F3) | H105: =IF('Monitoring'!G3="","",'Monitoring'!G3) | I105: =IF('Monitoring'!H3="","",'Monitoring'!H3) | J105: =IF('Monitoring'!I3="","",'Monitoring'!I3) | ... N105: =IF('Monitoring'!M3="","",'Monitoring'!M3)
A106: =IF('Monitoring'!A4="","",'Monitoring'!A4) | B106: Monitoring | C106: =IF('Monitoring'!B4="","",'Monitoring'!B4) | D106: =IF('Monitoring'!C4="","",'Monitoring'!C4) | E106: =IF('Monitoring'!D4="","",'Monitoring'!D4) | F106: =IF('Monitoring'!E4="","",'Monitoring'!E4) | G106: =IF('Monitoring'!F4="","",'Monitoring'!F4) | H106: =IF('Monitoring'!G4="","",'Monitoring'!G4) | I106: =IF('Monitoring'!H4="","",'Monitoring'!H4) | J106: =IF('Monitoring'!I4="","",'Monitoring'!I4) | ... N106: =IF('Monitoring'!M4="","",'Monitoring'!M4)
A107: =IF('Monitoring'!A5="","",'Monitoring'!A5) | B107: Monitoring | C107: =IF('Monitoring'!B5="","",'Monitoring'!B5) | D107: =IF('Monitoring'!C5="","",'Monitoring'!C5) | E107: =IF('Monitoring'!D5="","",'Monitoring'!D5) | F107: =IF('Monitoring'!E5="","",'Monitoring'!E5) | G107: =IF('Monitoring'!F5="","",'Monitoring'!F5) | H107: =IF('Monitoring'!G5="","",'Monitoring'!G5) | I107: =IF('Monitoring'!H5="","",'Monitoring'!H5) | J107: =IF('Monitoring'!I5="","",'Monitoring'!I5) | ... N107: =IF('Monitoring'!M5="","",'Monitoring'!M5)
A108: =IF('Monitoring'!A6="","",'Monitoring'!A6) | B108: Monitoring | C108: =IF('Monitoring'!B6="","",'Monitoring'!B6) | D108: =IF('Monitoring'!C6="","",'Monitoring'!C6) | E108: =IF('Monitoring'!D6="","",'Monitoring'!D6) | F108: =IF('Monitoring'!E6="","",'Monitoring'!E6) | G108: =IF('Monitoring'!F6="","",'Monitoring'!F6) | H108: =IF('Monitoring'!G6="","",'Monitoring'!G6) | I108: =IF('Monitoring'!H6="","",'Monitoring'!H6) | J108: =IF('Monitoring'!I6="","",'Monitoring'!I6) | ... N108: =IF('Monitoring'!M6="","",'Monitoring'!M6)
A109: =IF('Monitoring'!A7="","",'Monitoring'!A7) | B109: Monitoring | C109: =IF('Monitoring'!B7="","",'Monitoring'!B7) | D109: =IF('Monitoring'!C7="","",'Monitoring'!C7) | E109: =IF('Monitoring'!D7="","",'Monitoring'!D7) | F109: =IF('Monitoring'!E7="","",'Monitoring'!E7) | G109: =IF('Monitoring'!F7="","",'Monitoring'!F7) | H109: =IF('Monitoring'!G7="","",'Monitoring'!G7) | I109: =IF('Monitoring'!H7="","",'Monitoring'!H7) | J109: =IF('Monitoring'!I7="","",'Monitoring'!I7) | ... N109: =IF('Monitoring'!M7="","",'Monitoring'!M7)
A110: =IF('Monitoring'!A8="","",'Monitoring'!A8) | B110: Monitoring | C110: =IF('Monitoring'!B8="","",'Monitoring'!B8) | D110: =IF('Monitoring'!C8="","",'Monitoring'!C8) | E110: =IF('Monitoring'!D8="","",'Monitoring'!D8) | F110: =IF('Monitoring'!E8="","",'Monitoring'!E8) | G110: =IF('Monitoring'!F8="","",'Monitoring'!F8) | H110: =IF('Monitoring'!G8="","",'Monitoring'!G8) | I110: =IF('Monitoring'!H8="","",'Monitoring'!H8) | J110: =IF('Monitoring'!I8="","",'Monitoring'!I8) | ... N110: =IF('Monitoring'!M8="","",'Monitoring'!M8)
A111: =IF('Monitoring'!A9="","",'Monitoring'!A9) | B111: Monitoring | C111: =IF('Monitoring'!B9="","",'Monitoring'!B9) | D111: =IF('Monitoring'!C9="","",'Monitoring'!C9) | E111: =IF('Monitoring'!D9="","",'Monitoring'!D9) | F111: =IF('Monitoring'!E9="","",'Monitoring'!E9) | G111: =IF('Monitoring'!F9="","",'Monitoring'!F9) | H111: =IF('Monitoring'!G9="","",'Monitoring'!G9) | I111: =IF('Monitoring'!H9="","",'Monitoring'!H9) | J111: =IF('Monitoring'!I9="","",'Monitoring'!I9) | ... N111: =IF('Monitoring'!M9="","",'Monitoring'!M9)
A112: =IF('Monitoring'!A10="","",'Monitoring'!A10) | B112: Monitoring | C112: =IF('Monitoring'!B10="","",'Monitoring'!B10) | D112: =IF('Monitoring'!C10="","",'Monitoring'!C10) | E112: =IF('Monitoring'!D10="","",'Monitoring'!D10) | F112: =IF('Monitoring'!E10="","",'Monitoring'!E10) | G112: =IF('Monitoring'!F10="","",'Monitoring'!F10) | H112: =IF('Monitoring'!G10="","",'Monitoring'!G10) | I112: =IF('Monitoring'!H10="","",'Monitoring'!H10) | J112: =IF('Monitoring'!I10="","",'Monitoring'!I10) | ... N112: =IF('Monitoring'!M10="","",'Monitoring'!M10)
A113: =IF('Monitoring'!A11="","",'Monitoring'!A11) | B113: Monitoring | C113: =IF('Monitoring'!B11="","",'Monitoring'!B11) | D113: =IF('Monitoring'!C11="","",'Monitoring'!C11) | E113: =IF('Monitoring'!D11="","",'Monitoring'!D11) | F113: =IF('Monitoring'!E11="","",'Monitoring'!E11) | G113: =IF('Monitoring'!F11="","",'Monitoring'!F11) | H113: =IF('Monitoring'!G11="","",'Monitoring'!G11) | I113: =IF('Monitoring'!H11="","",'Monitoring'!H11) | J113: =IF('Monitoring'!I11="","",'Monitoring'!I11) | ... N113: =IF('Monitoring'!M11="","",'Monitoring'!M11)
A114: =IF('Monitoring'!A12="","",'Monitoring'!A12) | B114: Monitoring | C114: =IF('Monitoring'!B12="","",'Monitoring'!B12) | D114: =IF('Monitoring'!C12="","",'Monitoring'!C12) | E114: =IF('Monitoring'!D12="","",'Monitoring'!D12) | F114: =IF('Monitoring'!E12="","",'Monitoring'!E12) | G114: =IF('Monitoring'!F12="","",'Monitoring'!F12) | H114: =IF('Monitoring'!G12="","",'Monitoring'!G12) | I114: =IF('Monitoring'!H12="","",'Monitoring'!H12) | J114: =IF('Monitoring'!I12="","",'Monitoring'!I12) | ... N114: =IF('Monitoring'!M12="","",'Monitoring'!M12)
A115: =IF('Monitoring'!A13="","",'Monitoring'!A13) | B115: Monitoring | C115: =IF('Monitoring'!B13="","",'Monitoring'!B13) | D115: =IF('Monitoring'!C13="","",'Monitoring'!C13) | E115: =IF('Monitoring'!D13="","",'Monitoring'!D13) | F115: =IF('Monitoring'!E13="","",'Monitoring'!E13) | G115: =IF('Monitoring'!F13="","",'Monitoring'!F13) | H115: =IF('Monitoring'!G13="","",'Monitoring'!G13) | I115: =IF('Monitoring'!H13="","",'Monitoring'!H13) | J115: =IF('Monitoring'!I13="","",'Monitoring'!I13) | ... N115: =IF('Monitoring'!M13="","",'Monitoring'!M13)
A116: =IF('Integration'!A3="","",'Integration'!A3) | B116: Integration | C116: =IF('Integration'!B3="","",'Integration'!B3) | D116: =IF('Integration'!C3="","",'Integration'!C3) | E116: =IF('Integration'!D3="","",'Integration'!D3) | F116: =IF('Integration'!E3="","",'Integration'!E3) | G116: =IF('Integration'!F3="","",'Integration'!F3) | H116: =IF('Integration'!G3="","",'Integration'!G3) | I116: =IF('Integration'!H3="","",'Integration'!H3) | J116: =IF('Integration'!I3="","",'Integration'!I3) | ... N116: =IF('Integration'!M3="","",'Integration'!M3)
A117: =IF('Integration'!A4="","",'Integration'!A4) | B117: Integration | C117: =IF('Integration'!B4="","",'Integration'!B4) | D117: =IF('Integration'!C4="","",'Integration'!C4) | E117: =IF('Integration'!D4="","",'Integration'!D4) | F117: =IF('Integration'!E4="","",'Integration'!E4) | G117: =IF('Integration'!F4="","",'Integration'!F4) | H117: =IF('Integration'!G4="","",'Integration'!G4) | I117: =IF('Integration'!H4="","",'Integration'!H4) | J117: =IF('Integration'!I4="","",'Integration'!I4) | ... N117: =IF('Integration'!M4="","",'Integration'!M4)
A118: =IF('Integration'!A5="","",'Integration'!A5) | B118: Integration | C118: =IF('Integration'!B5="","",'Integration'!B5) | D118: =IF('Integration'!C5="","",'Integration'!C5) | E118: =IF('Integration'!D5="","",'Integration'!D5) | F118: =IF('Integration'!E5="","",'Integration'!E5) | G118: =IF('Integration'!F5="","",'Integration'!F5) | H118: =IF('Integration'!G5="","",'Integration'!G5) | I118: =IF('Integration'!H5="","",'Integration'!H5) | J118: =IF('Integration'!I5="","",'Integration'!I5) | ... N118: =IF('Integration'!M5="","",'Integration'!M5)
A119: =IF('Integration'!A6="","",'Integration'!A6) | B119: Integration | C119: =IF('Integration'!B6="","",'Integration'!B6) | D119: =IF('Integration'!C6="","",'Integration'!C6) | E119: =IF('Integration'!D6="","",'Integration'!D6) | F119: =IF('Integration'!E6="","",'Integration'!E6) | G119: =IF('Integration'!F6="","",'Integration'!F6) | H119: =IF('Integration'!G6="","",'Integration'!G6) | I119: =IF('Integration'!H6="","",'Integration'!H6) | J119: =IF('Integration'!I6="","",'Integration'!I6) | ... N119: =IF('Integration'!M6="","",'Integration'!M6)
A120: =IF('Integration'!A7="","",'Integration'!A7) | B120: Integration | C120: =IF('Integration'!B7="","",'Integration'!B7) | D120: =IF('Integration'!C7="","",'Integration'!C7) | E120: =IF('Integration'!D7="","",'Integration'!D7) | F120: =IF('Integration'!E7="","",'Integration'!E7) | G120: =IF('Integration'!F7="","",'Integration'!F7) | H120: =IF('Integration'!G7="","",'Integration'!G7) | I120: =IF('Integration'!H7="","",'Integration'!H7) | J120: =IF('Integration'!I7="","",'Integration'!I7) | ... N120: =IF('Integration'!M7="","",'Integration'!M7)
...

Sheet Project
A1: Project Parameters
A2: Parameter Name | B2: Production | C2: Test | D2: DR | E2: Description | F2: Required | G2: Data Type | H2: Validation Rules | I2: Security Level | J2: Owner Team | K2: Dependencies | L2: Notes | M2: Last Updated
A3: solution.name | B3: medcore-cds | C3: medcore-cds | D3: medcore-cds | E3: Solution identifier used for resource naming and tagging across all environments | F3: Yes | G3: String | H3: lowercase alphanumeric hyphens only max 50 chars | I3: Public | J3: Cloud CoE | M3: 2025-06-18
A4: solution.region.primary | B4: us-east-1 | C4: us-east-1 | D4: us-west-2 | E4: Primary AWS region for all active CDS Platform resources | F4: Yes | G4: String | H4: Valid AWS region code | I4: Public | J4: Cloud CoE | L4: DR region is us-west-2 passive standby per SOW multi-region design | M4: 2025-06-18
A5: solution.region.dr | B5: us-west-2 | C5: us-west-2 | D5: us-west-2 | E5: Passive disaster recovery AWS region for CDS Platform | F5: Yes | G5: String | H5: Valid AWS region code | I5: Public | J5: Cloud CoE | K5: solution.region.primary | L5: Route 53 health-check failover promotes DR region; RTO target ≤ 4 hours | M5: 2025-06-18
A6: solution.environment | B6: prod | C6: qa | D6: prod | E6: Deployment environment identifier used in all resource names and tags | F6: Yes | G6: String | H6: prod|staging|qa|dev | I6: Public | J6: Cloud CoE | L6: DR environment mirrors production configuration | M6: 2025-06-18
A7: solution.account_id | B7: [aws-account-id] | C7: [aws-account-id] | D7: [aws-account-id] | E7: Dedicated AWS account ID under MedCore Clinical Applications OU | F7: Yes | G7: String | H7: 12-digit numeric | I7: Confidential | J7: Cloud CoE | L7: Dedicated CDS account under Clinical Applications OU per SOW scope | M7: 2025-06-18
A8: solution.opportunity_no | B8: OPP-2026-0047 | C8: OPP-2026-0047 | D8: OPP-2026-0047 | E8: Amatra opportunity number for cost allocation and billing reference | F8: Yes | G8: String | H8: OPP-YYYY-NNNN format | I8: Public | J8: Cloud CoE | L8: Referenced on all Amatra invoices per SOW Terms section | M8: 2025-06-18
A9: solution.phase | B9: phase1 | C9: phase1 | D9: phase1 | E9: Current active delivery phase; updated at each phase go-live milestone | F9: Yes | G9: String | H9: phase1|phase2|phase3 | I9: Public | J9: Cloud CoE | L9: Phase 1 go-live target 2026-10-31; Phase 2 by 2027-02-28; Phase 3 by 2027-06-30 | M9: 2025-06-18
A10: aws.organization_ou | B10: Clinical Applications OU | C10: Clinical Applications OU | D10: Clinical Applications OU | E10: AWS Organizations OU under which the CDS account is provisioned | F10: Yes | G10: String | H10: Valid OU name or ID | I10: Confidential | J10: Cloud CoE | K10: solution.account_id | L10: SCPs at OU level prevent PHI leaving US regions and block direct console changes in production | M10: 2025-06-18

Sheet Networking
A1: Networking Parameters
A2: Parameter Name | B2: Production | C2: Test | D2: DR | E2: Description | F2: Required | G2: Data Type | H2: Validation Rules | I2: Security Level | J2: Owner Team | K2: Dependencies | L2: Notes | M2: Last Updated
A3: networking.vpc_cidr_primary | B3: 10.10.0.0/16 | C3: 10.20.0.0/16 | D3: 10.11.0.0/16 | E3: VPC CIDR block for the CDS Platform in the primary region (us-east-1) | F3: Yes | G3: String | H3: Valid /16 CIDR block | I3: Confidential | J3: Network Team | L3: All PHI traffic on private subnets; no public internet traversal for data paths per security design | M3: 2025-06-18
A4: networking.subnet_cidr_public_az1 | B4: 10.10.0.0/24 | C4: 10.20.0.0/24 | D4: 10.11.0.0/24 | E4: Public subnet CIDR for AZ1 (ALB and NAT Gateway only; no application workloads) | F4: Yes | G4: String | H4: Valid CIDR within VPC CIDR | I4: Confidential | J4: Network Team | K4: networking.vpc_cidr_primary | L4: Only ALBs and NAT Gateways deployed in public subnets per network segmentation design | M4: 2025-06-18
A5: networking.subnet_cidr_public_az2 | B5: 10.10.1.0/24 | C5: 10.20.1.0/24 | D5: 10.11.1.0/24 | E5: Public subnet CIDR for AZ2 (ALB and NAT Gateway only; no application workloads) | F5: Yes | G5: String | H5: Valid CIDR within VPC CIDR | I5: Confidential | J5: Network Team | K5: networking.vpc_cidr_primary | M5: 2025-06-18
A6: networking.subnet_cidr_app_az1 | B6: 10.10.10.0/23 | C6: 10.20.10.0/23 | D6: 10.11.10.0/23 | E6: Private application subnet CIDR for AZ1 hosting ECS Fargate tasks and VPC-attached Lambdas | F6: Yes | G6: String | H6: Valid CIDR within VPC CIDR | I6: Confidential | J6: Network Team | K6: networking.vpc_cidr_primary | L6: No direct internet routing; all egress via NAT Gateway or PrivateLink | M6: 2025-06-18
A7: networking.subnet_cidr_app_az2 | B7: 10.10.12.0/23 | C7: 10.20.12.0/23 | D7: 10.11.12.0/23 | E7: Private application subnet CIDR for AZ2 hosting ECS Fargate tasks and VPC-attached Lambdas | F7: Yes | G7: String | H7: Valid CIDR within VPC CIDR | I7: Confidential | J7: Network Team | K7: networking.vpc_cidr_primary | M7: 2025-06-18
A8: networking.subnet_cidr_app_az3 | B8: 10.10.14.0/23 | C8: 10.20.14.0/23 | D8: 10.11.14.0/23 | E8: Private application subnet CIDR for AZ3 hosting ECS Fargate tasks and VPC-attached Lambdas | F8: Yes | G8: String | H8: Valid CIDR within VPC CIDR | I8: Confidential | J8: Network Team | K8: networking.vpc_cidr_primary | L8: Three AZs required for 99.95% availability SLA per high availability design | M8: 2025-06-18
A9: networking.subnet_cidr_data_az1 | B9: 10.10.20.0/24 | C9: 10.20.20.0/24 | D9: 10.11.20.0/24 | E9: Private data subnet CIDR for AZ1 hosting RDS Aurora and ElastiCache Redis | F9: Yes | G9: String | H9: Valid CIDR within VPC CIDR | I9: Confidential | J9: Network Team | K9: networking.vpc_cidr_primary | L9: Data tier subnets allow inbound only from application tier Security Groups | M9: 2025-06-18
A10: networking.subnet_cidr_data_az2 | B10: 10.10.21.0/24 | C10: 10.20.21.0/24 | D10: 10.11.21.0/24 | E10: Private data subnet CIDR for AZ2 hosting RDS Aurora replica and ElastiCache replica | F10: Yes | G10: String | H10: Valid CIDR within VPC CIDR | I10: Confidential | J10: Network Team | K10: networking.vpc_cidr_primary | M10: 2025-06-18
A11: networking.nat_gateway_count | B11: 2 | C11: 1 | D11: 2 | E11: Number of NAT Gateway instances for outbound AWS control-plane calls | F11: Yes | G11: Integer | H11: 1-3 | I11: Public | J11: Network Team | K11: networking.vpc_cidr_primary | L11: One per AZ (us-east-1a and us-east-1b); PrivateLink eliminates NAT for PHI data paths | M11: 2025-06-18
A12: networking.direct_connect_bandwidth_gbps | B12: 1 | C12: 0 | D12: 1 | E12: Direct Connect hosted connection bandwidth in Gbps from MedCore Nashville DC to AWS us-east-1 | F12: Yes | G12: Integer | H12: 1-100 | I12: Public | J12: Network Team | L12: Must be provisioned by MedCore by Week 8 per SOW critical path dependency | M12: 2025-06-18
A13: networking.vpn_enabled | B13: true | C13: false | D13: true | E13: Enable site-to-site VPN as secondary failover path for Direct Connect | F13: Yes | G13: Boolean | H13: true|false | I13: Public | J13: Network Team | K13: networking.direct_connect_bandwidth_gbps | L13: IKEv2 with AES-256 encryption; maintains connectivity during any Direct Connect disruption | M13: 2025-06-18
A14: networking.alb_dashboard_id | B14: [alb-dashboard-id] | C14: [alb-dashboard-id] | D14: [alb-dashboard-id] | E14: Application Load Balancer ARN or ID for the clinical dashboard and API backend (multi-AZ) | F14: Yes | G14: String | H14: Valid ALB ARN or ID | I14: Confidential | J14: Network Team | K14: networking.vpc_cidr_primary | L14: HTTPS only; WAF attached; terminates TLS 1.2+ at edge per security design | M14: 2025-06-18
A15: networking.alb_fhir_inbound_id | B15: [alb-fhir-inbound-id] | C15: [alb-fhir-inbound-id] | D15: [alb-fhir-inbound-id] | E15: Application Load Balancer ARN or ID for the Epic FHIR R4 subscription inbound endpoint | F15: Yes | G15: String | H15: Valid ALB ARN or ID | I15: Confidential | J15: Network Team | K15: networking.vpc_cidr_primary | L15: Receives Epic FHIR subscription events over Direct Connect; WAF and rate limiting attached | M15: 2025-06-18
A16: networking.privatelink_endpoints_enabled | B16: true | C16: true | D16: true | E16: Enable VPC Interface Endpoints (PrivateLink) for all AWS managed service communications | F16: Yes | G16: Boolean | H16: true|false | I16: Public | J16: Network Team | L16: Eliminates PHI egress to public internet; covers HealthLake + SageMaker + Bedrock + KMS + S3 | M16: 2025-06-18

Sheet Security
A1: Security Parameters
A2: Parameter Name | B2: Production | C2: Test | D2: DR | E2: Description | F2: Required | G2: Data Type | H2: Validation Rules | I2: Security Level | J2: Owner Team | K2: Dependencies | L2: Notes | M2: Last Updated
A3: security.kms.healthlake_key_id | B3: [kms-healthlake-key-id] | C3: [kms-healthlake-key-id] | D3: [kms-healthlake-key-id] | E3: KMS CMK ARN for encrypting Amazon HealthLake PHI FHIR datastore | F3: Yes | G3: String | H3: Valid KMS key ARN or alias | I3: Secret | J3: Security Team | L3: Dedicated CMK per datastore for blast-radius isolation; annual auto-rotation; CISO holds admin | M3: 2025-06-18
A4: security.kms.aurora_key_id | B4: [kms-aurora-key-id] | C4: [kms-aurora-key-id] | D4: [kms-aurora-key-id] | E4: KMS CMK ARN for encrypting RDS Aurora PostgreSQL data at rest | F4: Yes | G4: String | H4: Valid KMS key ARN or alias | I4: Secret | J4: Security Team | L4: Separate CMK from HealthLake CMK; key deletion requires 30-day waiting period and CISO approval | M4: 2025-06-18
A5: security.kms.s3_datalake_key_id | B5: [kms-s3-datalake-key-id] | C5: [kms-s3-datalake-key-id] | D5: [kms-s3-datalake-key-id] | E5: KMS CMK ARN for encrypting S3 data lake buckets (HL7 event archive and ML artefacts) | F5: Yes | G5: String | H5: Valid KMS key ARN or alias | I5: Secret | J5: Security Team | L5: PHI classified as Restricted; separate CMK from audit bucket for blast-radius isolation | M5: 2025-06-18
A6: security.kms.s3_audit_key_id | B6: [kms-s3-audit-key-id] | C6: [kms-s3-audit-key-id] | D6: [kms-s3-audit-key-id] | E6: KMS CMK ARN for encrypting S3 CloudTrail audit log delivery bucket | F6: Yes | G6: String | H6: Valid KMS key ARN or alias | I6: Secret | J6: Security Team | L6: 7-year WORM retention via S3 Object Lock Compliance mode; HIPAA §164.312(b) requirement | M6: 2025-06-18
A7: security.kms.elasticache_key_id | B7: [kms-elasticache-key-id] | C7: [kms-elasticache-key-id] | D7: [kms-elasticache-key-id] | E7: KMS CMK ARN for encrypting ElastiCache Redis at rest | F7: Yes | G7: String | H7: Valid KMS key ARN or alias | I7: Secret | J7: Security Team | K7: cache.elasticache.cluster_id | L7: Patient feature vectors contain PHI-adjacent data; dedicated CMK per security design | M7: 2025-06-18
A8: security.kms.ebs_key_id | B8: [kms-ebs-key-id] | C8: [kms-ebs-key-id] | D8: [kms-ebs-key-id] | E8: KMS CMK ARN for encrypting EBS volumes attached to MSK brokers and SageMaker instances | F8: Yes | G8: String | H8: Valid KMS key ARN or alias | I8: Secret | J8: Security Team | L8: Covers MSK broker EBS and SageMaker training job storage; annual auto-rotation enabled | M8: 2025-06-18
A9: security.kms.key_rotation_enabled | B9: true | C9: true | D9: true | E9: Enable automatic annual rotation for all KMS Customer Managed Keys | F9: Yes | G9: Boolean | H9: true|false | I9: Public | J9: Security Team | L9: HIPAA and SOC 2 control; AWS Config rule generates non-compliant finding if rotation disabled | M9: 2025-06-18
A10: security.cognito.user_pool_id | B10: [cognito-user-pool-id] | C10: [cognito-user-pool-id] | D10: [cognito-user-pool-id] | E10: Amazon Cognito User Pool ID for SAML 2.0 federation and RBAC enforcement | F10: Yes | G10: String | H10: Valid Cognito User Pool ID format | I10: Confidential | J10: Security Team | L10: Federated to Azure AD via SAML 2.0; enforces 4 clinical role types per IAM design | M10: 2025-06-18
A11: security.cognito.client_id | B11: [cognito-app-client-id] | C11: [cognito-app-client-id] | D11: [cognito-app-client-id] | E11: Cognito App Client ID for the clinical dashboard SPA OAuth 2.0 flow | F11: Yes | G11: String | H11: Alphanumeric Cognito client ID | I11: Confidential | J11: Security Team | K11: security.cognito.user_pool_id | L11: JWT issued to this client; validated by Lambda authorizer on all API Gateway calls | M11: 2025-06-18
A12: security.saml.azure_ad_metadata_url | B12: [azure-ad-saml-metadata-url] | C12: [azure-ad-saml-metadata-url] | D12: [azure-ad-saml-metadata-url] | E12: Azure Active Directory SAML 2.0 IdP metadata endpoint URL for Cognito federation | F12: Yes | G12: String | H12: Valid HTTPS URL | I12: Confidential | J12: Security Team | K12: security.cognito.user_pool_id | L12: MedCore identity admin must provide SAML metadata by Week 10 per SOW dependency schedule | M12: 2025-06-18
A13: security.mfa_enabled | B13: true | C13: false | D13: true | E13: Require multi-factor authentication; enforced at Azure AD layer per MedCore policy | F13: Yes | G13: Boolean | H13: true|false | I13: Public | J13: Security Team | K13: security.saml.azure_ad_metadata_url | L13: MFA enforced by Azure AD (Microsoft Authenticator); Amatra does not modify Azure AD MFA config | M13: 2025-06-18
A14: security.cloudtrail_trail_arn | B14: [cloudtrail-trail-arn] | C14: [cloudtrail-trail-arn] | D14: [cloudtrail-trail-arn] | E14: ARN of the organization-level CloudTrail trail for PHI audit logging | F14: Yes | G14: String | H14: Valid CloudTrail trail ARN | I14: Confidential | J14: Security Team | K14: storage.s3.audit_bucket_name | L14: 7-year WORM retention; log file validation enabled; disabling generates Critical Security Hub finding | M14: 2025-06-18
A15: security.audit_log_retention_years | B15: 7 | C15: 1 | D15: 7 | E15: Audit log retention period in years for CloudTrail PHI access events per HIPAA minimum | F15: Yes | G15: Integer | H15: 1-10 | I15: Public | J15: Security Team | K15: security.cloudtrail_trail_arn | L15: HIPAA §164.312(b) requires 7-year retention; S3 Object Lock Compliance mode enforces immutability | M15: 2025-06-18
A16: security.cloudwatch_log_retention_days | B16: 90 | C16: 30 | D16: 90 | E16: CloudWatch Logs retention period in days for application and infrastructure logs | F16: Yes | G16: Integer | H16: 1-3653 | I16: Public | J16: Operations | L16: 90-day hot retention; older logs archived to S3 Glacier for cost optimization | M16: 2025-06-18
A17: security.waf_enabled | B17: true | C17: false | D17: true | E17: Enable AWS WAF on all ALBs and API Gateway endpoints | F17: Yes | G17: Boolean | H17: true|false | I17: Public | J17: Security Team | K17: networking.alb_dashboard_id | L17: OWASP Top 10 + AWS managed rules + healthcare-specific rule set; WAF logs retained 90 days | M17: 2025-06-18
A18: security.guardduty_enabled | B18: true | C18: true | D18: true | E18: Enable Amazon GuardDuty threat detection across the Clinical Applications OU | F18: Yes | G18: Boolean | H18: true|false | I18: Public | J18: Security Team | L18: Continuous ML-driven threat detection; High/Critical findings page CISO on-call via PagerDuty | M18: 2025-06-18
A19: security.config_enabled | B19: true | C19: true | D19: true | E19: Enable AWS Config with HIPAA rule set for continuous compliance monitoring | F19: Yes | G19: Boolean | H19: true|false | I19: Public | J19: Security Team | L19: HIPAA configuration drift detected within 15 minutes; Critical findings remediated in 24h per SLA | M19: 2025-06-18
A20: security.security_hub_enabled | B20: true | C20: true | D20: true | E20: Enable AWS Security Hub for aggregated compliance and security findings | F20: Yes | G20: Boolean | H20: true|false | I20: Public | J20: Security Team | K20: security.config_enabled | L20: Aggregates GuardDuty + Config + Inspector + Macie findings; CISO audit pane for SOC 2 Type II | M20: 2025-06-18
A21: security.macie_enabled | B21: true | C21: false | D21: true | E21: Enable Amazon Macie for automated PHI data classification in S3 buckets | F21: Yes | G21: Boolean | H21: true|false | I21: Public | J21: Security Team | K21: storage.s3.datalake_bucket_name | L21: Alerts if PHI found in non-production or non-encrypted buckets; SOC 2 CC6 detective control | M21: 2025-06-18
A22: security.secrets_manager.aurora_secret_arn | B22: [aurora-secret-arn] | C22: [aurora-secret-arn] | D22: [aurora-secret-arn] | E22: ARN of the Secrets Manager secret storing Aurora PostgreSQL credentials | F22: Yes | G22: String | H22: Valid Secrets Manager ARN | I22: Secret | J22: Security Team | K22: database.aurora.cluster_identifier | L22: 30-day automatic rotation via built-in RDS Lambda; every GetSecretValue call logged to CloudTrail | M22: 2025-06-18
A23: security.secrets_manager.epic_oauth_secret_arn | B23: [epic-oauth-secret-arn] | C23: [epic-oauth-secret-arn] | D23: [epic-oauth-secret-arn] | E23: ARN of the Secrets Manager secret storing Epic FHIR R4 SMART on FHIR OAuth 2.0 client credentials | F23: Yes | G23: String | H23: Valid Secrets Manager ARN | I23: Secret | J23: Security Team | K23: integration.epic.fhir_base_url | L23: Rotated per Epic 90-day OAuth token expiry; automatic re-issuance configured in rotation Lambda | M23: 2025-06-18
A24: security.secrets_manager.mirth_api_key_arn | B24: [mirth-api-key-arn] | C24: [mirth-api-key-arn] | D24: [mirth-api-key-arn] | E24: ARN of the Secrets Manager secret storing Mirth Connect integration API key | F24: Yes | G24: String | H24: Valid Secrets Manager ARN | I24: Secret | J24: Security Team | K24: integration.mirth.endpoint_url | L24: 30-day automatic rotation; never stored in Lambda environment variables or IaC configuration files | M24: 2025-06-18
A25: security.secrets_manager.datadog_api_key_arn | B25: [datadog-api-key-arn] | C25: [datadog-api-key-arn] | D25: [datadog-api-key-arn] | E25: ARN of the Secrets Manager secret storing Datadog APM API key | F25: Yes | G25: String | H25: Valid Secrets Manager ARN | I25: Secret | J25: Security Team | K25: monitoring.datadog.site | L25: Rotated annually; injected into ECS task definition at deploy time via Secrets Manager integration | M25: 2025-06-18
A26: security.iam.access_analyzer_enabled | B26: true | C26: true | D26: true | E26: Enable IAM Access Analyzer to detect overly permissive resource policies | F26: Yes | G26: Boolean | H26: true|false | I26: Public | J26: Security Team | L26: Continuously identifies IAM policies granting unintended cross-account or public access | M26: 2025-06-18
A27: security.tls_minimum_version | B27: TLSv1.2 | C27: TLSv1.2 | D27: TLSv1.2 | E27: Minimum TLS version enforced on all ALB listeners and API Gateway endpoints | F27: Yes | G27: String | H27: TLSv1.2|TLSv1.3 | I27: Public | J27: Security Team | L27: HIPAA §164.312(e) mandate; HTTP redirected to HTTPS with 301 on all ALB listeners | M27: 2025-06-18

Sheet Compute
A1: Compute Parameters
A2: Parameter Name | B2: Production | C2: Test | D2: DR | E2: Description | F2: Required | G2: Data Type | H2: Validation Rules | I2: Security Level | J2: Owner Team | K2: Dependencies | L2: Notes | M2: Last Updated
A3: compute.ecs.cluster_name | B3: medcore-cds-prod-cluster | C3: medcore-cds-qa-cluster | D3: medcore-cds-prod-cluster | E3: ECS cluster name for dashboard and API backend Fargate tasks | F3: Yes | G3: String | H3: medcore-cds-{env}-cluster pattern | I3: Public | J3: Cloud CoE | K3: solution.environment | M3: 2025-06-18
A4: compute.ecs.task_cpu | B4: 2048 | C4: 1024 | D4: 2048 | E4: CPU units allocated per ECS Fargate task (1024 = 1 vCPU) | F4: Yes | G4: Integer | H4: 256|512|1024|2048|4096 | I4: Public | J4: Development | L4: 2 vCPU per task per detailed design compute sizing; scale to 4096 if P95 latency elevated | M4: 2025-06-18
A5: compute.ecs.task_memory_mb | B5: 4096 | C5: 2048 | D5: 4096 | E5: Memory in MB allocated per ECS Fargate task | F5: Yes | G5: Integer | H5: 512|1024|2048|4096|8192|16384 | I5: Public | J5: Development | K5: compute.ecs.task_cpu | L5: Must be a valid Fargate CPU/memory combination per AWS documentation | M5: 2025-06-18
A6: compute.ecs.scaling_min | B6: 4 | C6: 2 | D6: 4 | E6: Minimum ECS Fargate task count across all AZs for dashboard and API tiers | F6: Yes | G6: Integer | H6: 1-100 | I6: Public | J6: Operations | L6: Minimum 4 tasks ensures at least 2 per AZ across 2 AZs; supports 99.95% availability SLA | M6: 2025-06-18
A7: compute.ecs.scaling_max | B7: 12 | C7: 4 | D7: 12 | E7: Maximum ECS Fargate task count for auto-scaling ceiling | F7: Yes | G7: Integer | H7: 1-200 | I7: Public | J7: Operations | K7: compute.ecs.scaling_min | L7: Ceiling sized for 18-hospital concurrent peak; scale-out on ALB request count metric | M7: 2025-06-18
A8: compute.lambda.fhir_connector.memory_mb | B8: 1024 | C8: 512 | D8: 1024 | E8: Memory in MB for Epic FHIR R4 connector Lambda function | F8: Yes | G8: Integer | H8: 128-10240 | I8: Public | J8: Development | L8: Sized for JSON parsing and Kinesis produce operations; increase if P99 latency exceeds 500ms | M8: 2025-06-18
A9: compute.lambda.fhir_connector.timeout_seconds | B9: 30 | C9: 30 | D9: 30 | E9: Timeout in seconds for Epic FHIR R4 connector Lambda function | F9: Yes | G9: Integer | H9: 1-900 | I9: Public | J9: Development | K9: compute.lambda.fhir_connector.memory_mb | L9: Must complete within 30s including schema validation and Kinesis produce | M9: 2025-06-18
A10: compute.lambda.hl7_adapter.memory_mb | B10: 1024 | C10: 512 | D10: 1024 | E10: Memory in MB for HL7 v2.3 Mirth Connect adapter Lambda function | F10: Yes | G10: Integer | H10: 128-10240 | I10: Public | J10: Development | L10: Processes ADT and ORU message types from Mirth Connect via PrivateLink | M10: 2025-06-18
A11: compute.lambda.hl7_adapter.timeout_seconds | B11: 30 | C11: 30 | D11: 30 | E11: Timeout in seconds for HL7 v2.3 Mirth Connect adapter Lambda function | F11: Yes | G11: Integer | H11: 1-900 | I11: Public | J11: Development | K11: compute.lambda.hl7_adapter.memory_mb | L11: Must complete within 30s including HL7 segment parsing and Kinesis produce | M11: 2025-06-18
A12: compute.lambda.inference_orchestrator.memory_mb | B12: 2048 | C12: 1024 | D12: 2048 | E12: Memory in MB for inference orchestrator Lambda (retrieves features and invokes SageMaker endpoints) | F12: Yes | G12: Integer | H12: 128-10240 | I12: Public | J12: Development | L12: Must accommodate ElastiCache read + SageMaker invoke + Bedrock invoke within 3-second budget | M12: 2025-06-18
A13: compute.lambda.alert_router.memory_mb | B13: 512 | C13: 256 | D13: 512 | E13: Memory in MB for alert routing Lambda (EventBridge to SNS and Epic CDS Hooks write-back) | F13: Yes | G13: Integer | H13: 128-10240 | I13: Public | J13: Development | K13: cache.elasticache.cluster_id | L13: Handles duplicate suppression via Redis and alert persistence to RDS Aurora | M13: 2025-06-18
A14: compute.sagemaker.sepsis_endpoint.instance_type | B14: ml.m5.xlarge | C14: ml.m5.large | D14: ml.m5.xlarge | E14: SageMaker real-time inference endpoint instance type for sepsis risk model | F14: Yes | G14: String | H14: Valid SageMaker instance type | I14: Public | J14: Cloud CoE | K14: compute.sagemaker.sepsis_endpoint.min_instances | L14: Upgrade to ml.m5.2xlarge if CPU exceeds 70% at peak load per monitoring thresholds | M14: 2025-06-18
A15: compute.sagemaker.sepsis_endpoint.min_instances | B15: 2 | C15: 1 | D15: 2 | E15: Minimum instance count for sepsis SageMaker endpoint; ensures multi-AZ coverage | F15: Yes | G15: Integer | H15: 1-10 | I15: Public | J15: Cloud CoE | L15: Minimum 2 required for 99.95% availability SLA; auto-scales up to 6 at peak load | M15: 2025-06-18
A16: compute.sagemaker.sepsis_endpoint.max_instances | B16: 6 | C16: 2 | D16: 6 | E16: Maximum instance count for sepsis SageMaker endpoint auto-scaling policy | F16: Yes | G16: Integer | H16: 1-100 | I16: Public | J16: Cloud CoE | K16: compute.sagemaker.sepsis_endpoint.min_instances | L16: Scale-out on SageMakerVariantInvocationsPerInstance metric at 70% CPU threshold | M16: 2025-06-18
A17: compute.sagemaker.readmission_endpoint.instance_type | B17: ml.m5.xlarge | C17: ml.m5.large | D17: ml.m5.xlarge | E17: SageMaker real-time inference endpoint instance type for 30-day readmission model (Phase 2) | F17: Yes | G17: String | H17: Valid SageMaker instance type | I17: Public | J17: Cloud CoE | K17: compute.sagemaker.readmission_endpoint.min_instances | L17: Phase 2 model; deployed by 2027-02-28 per SOW milestone M6 | M17: 2025-06-18
A18: compute.sagemaker.readmission_endpoint.min_instances | B18: 2 | C18: 1 | D18: 2 | E18: Minimum instance count for readmission SageMaker endpoint | F18: Yes | G18: Integer | H18: 1-10 | I18: Public | J18: Cloud CoE | L18: Phase 2 deployment; same sizing pattern as sepsis endpoint | M18: 2025-06-18
A19: compute.sagemaker.rapid_response_endpoint.instance_type | B19: ml.m5.xlarge | C19: ml.m5.large | D19: ml.m5.xlarge | E19: SageMaker real-time inference endpoint instance type for rapid-response / early deterioration model (Phase 2) | F19: Yes | G19: String | H19: Valid SageMaker instance type | I19: Public | J19: Cloud CoE | K19: compute.sagemaker.rapid_response_endpoint.min_instances | L19: Phase 2 model; deployed by 2027-02-28 per SOW milestone M6 | M19: 2025-06-18
A20: compute.sagemaker.rapid_response_endpoint.min_instances | B20: 2 | C20: 1 | D20: 2 | E20: Minimum instance count for rapid-response SageMaker endpoint | F20: Yes | G20: Integer | H20: 1-10 | I20: Public | J20: Cloud CoE | L20: Phase 2 deployment; same HA sizing pattern as sepsis endpoint | M20: 2025-06-18
A21: compute.sagemaker.training.instance_type | B21: ml.p3.2xlarge | C21: ml.m5.xlarge | D21: ml.p3.2xlarge | E21: SageMaker training job instance type for weekly model retraining pipelines | F21: Yes | G21: String | H21: Valid SageMaker instance type | I21: Public | J21: Cloud CoE | L21: On-demand only; no standing instances; Spot training available for non-critical retraining runs | M21: 2025-06-18

Sheet Storage
A1: Storage Parameters
A2: Parameter Name | B2: Production | C2: Test | D2: DR | E2: Description | F2: Required | G2: Data Type | H2: Validation Rules | I2: Security Level | J2: Owner Team | K2: Dependencies | L2: Notes | M2: Last Updated
A3: storage.s3.datalake_bucket_name | B3: [s3-datalake-bucket-name] | C3: [s3-datalake-bucket-name] | D3: [s3-datalake-bucket-name] | E3: S3 bucket name for PHI data lake (HL7 event archives and ML model artefacts) | F3: Yes | G3: String | H3: Globally unique; medcore-cds-{env}-datalake-{account-id} pattern | I3: Confidential | J3: Operations | K3: solution.account_id | L3: Cross-region replication to us-west-2 in real-time; KMS encrypted; Macie PHI classification scans | M3: 2025-06-18
A4: storage.s3.audit_bucket_name | B4: [s3-audit-bucket-name] | C4: [s3-audit-bucket-name] | D4: [s3-audit-bucket-name] | E4: S3 bucket name for CloudTrail PHI audit log delivery | F4: Yes | G4: String | H4: Globally unique; medcore-cds-{env}-audit-{account-id} pattern | I4: Confidential | J4: Security Team | K4: security.cloudtrail_trail_arn | L4: S3 Object Lock Compliance mode; 7-year WORM retention; HIPAA §164.312(b) compliance bucket | M4: 2025-06-18
A5: storage.s3.model_artefacts_bucket_name | B5: [s3-model-artefacts-bucket-name] | C5: [s3-model-artefacts-bucket-name] | D5: [s3-model-artefacts-bucket-name] | E5: S3 bucket name for SageMaker model artefacts and training job outputs | F5: Yes | G5: String | H5: Globally unique; medcore-cds-{env}-models-{account-id} pattern | I5: Confidential | J5: Cloud CoE | K5: solution.account_id | L5: SageMaker Model Registry references this bucket; versioning enabled; KMS encrypted | M5: 2025-06-18
A6: storage.s3.object_lock_retention_years | B6: 7 | C6: 0 | D6: 7 | E6: S3 Object Lock compliance retention period in years for the audit log bucket | F6: Yes | G6: Integer | H6: 1-100 | I6: Public | J6: Security Team | K6: storage.s3.audit_bucket_name | L6: 7-year WORM retention per HIPAA; Compliance mode prevents deletion even by bucket owner | M6: 2025-06-18
A7: storage.s3.cross_region_replication_enabled | B7: true | C7: false | D7: true | E7: Enable S3 cross-region replication from us-east-1 to us-west-2 for all data lake buckets | F7: Yes | G7: Boolean | H7: true|false | I7: Public | J7: Operations | K7: storage.s3.datalake_bucket_name | L7: Supports RPO ≤ 15 minutes target for multi-region DR; real-time replication in production | M7: 2025-06-18
A8: storage.healthlake.datastore_id | B8: [healthlake-datastore-id] | C8: [healthlake-datastore-id] | D8: [healthlake-datastore-id] | E8: Amazon HealthLake FHIR R4 datastore ID for PHI persistence and longitudinal patient records | F8: Yes | G8: String | H8: Valid HealthLake datastore ID | I8: Confidential | J8: Cloud CoE | L8: HIPAA-eligible FHIR R4 datastore; daily FHIR export to S3 with Object Lock for 7-year retention | M8: 2025-06-18
A9: storage.healthlake.fhir_version | B9: R4 | C9: R4 | D9: R4 | E9: FHIR version for Amazon HealthLake datastore configuration | F9: Yes | G9: String | H9: R4 | I9: Public | J9: Cloud CoE | K9: storage.healthlake.datastore_id | L9: FHIR R4 required for Epic SMART on FHIR OAuth 2.0 integration per SOW scope | M9: 2025-06-18
A10: storage.healthlake.active_storage_tb | B10: 1 | C10: 0.1 | D10: 1 | E10: Expected active FHIR store storage in TB at full 18-hospital utilization | F10: Yes | G10: Number | H10: 0.1-100.0 | I10: Public | J10: Cloud CoE | K10: storage.healthlake.datastore_id | L10: 1 TB active + 500 GB/month import per SOW scope parameters; review annually at full utilization | M10: 2025-06-18
A11: storage.healthlake.retention_years | B11: 7 | C11: 1 | D11: 7 | E11: Minimum retention period in years for HealthLake FHIR patient data | F11: Yes | G11: Integer | H11: 1-10 | I11: Public | J11: Security Team | K11: storage.healthlake.datastore_id | L11: HIPAA minimum 7-year retention; HealthLake exports backed up to S3 with Object Lock | M11: 2025-06-18
A12: storage.redshift.cluster_identifier | B12: medcore-cds-prod-redshift | C12: medcore-cds-qa-redshift | D12: medcore-cds-prod-redshift | E12: Amazon Redshift cluster identifier for longitudinal outcomes warehouse | F12: Yes | G12: String | H12: medcore-cds-{env}-redshift pattern | I12: Confidential | J12: Cloud CoE | K12: solution.environment | L12: ra3.xlplus single node; stores sepsis events and readmission instances for model performance monitoring | M12: 2025-06-18
A13: storage.redshift.node_type | B13: ra3.xlplus | C13: dc2.large | D13: ra3.xlplus | E13: Amazon Redshift node type for the outcomes analytics warehouse | F13: Yes | G13: String | H13: Valid Redshift node type | I13: Public | J13: Cloud CoE | K13: storage.redshift.cluster_identifier | L13: ra3.xlplus per detailed design compute sizing; Reserved Node pricing applied at steady state | M13: 2025-06-18
A14: storage.redshift.snapshot_retention_days | B14: 7 | C14: 1 | D14: 7 | E14: Automated snapshot retention in days for Redshift cluster | F14: Yes | G14: Integer | H14: 1-35 | I14: Public | J14: Cloud CoE | K14: storage.redshift.cluster_identifier | L14: Analytics only; no SLA impact on clinical workload; 7-day retention sufficient per data design | M14: 2025-06-18

Sheet Database
A1: Database Parameters
A2: Parameter Name | B2: Production | C2: Test | D2: DR | E2: Description | F2: Required | G2: Data Type | H2: Validation Rules | I2: Security Level | J2: Owner Team | K2: Dependencies | L2: Notes | M2: Last Updated
A3: database.aurora.cluster_identifier | B3: medcore-cds-prod-aurora-cluster | C3: medcore-cds-qa-aurora-cluster | D3: medcore-cds-prod-aurora-cluster | E3: RDS Aurora PostgreSQL cluster identifier for risk scores and alert history | F3: Yes | G3: String | H3: medcore-cds-{env}-aurora-cluster pattern | I3: Confidential | J3: Database Team | K3: solution.environment | L3: Stores risk scores and alert history; PHI-adjacent data; KMS encrypted at rest | M3: 2025-06-18
A4: database.aurora.instance_type | B4: db.r6g.large | C4: db.r6g.medium | D4: db.r6g.large | E4: RDS Aurora PostgreSQL instance class for primary and replica nodes | F4: Yes | G4: String | H4: Valid RDS instance class | I4: Public | J4: Database Team | K4: database.aurora.cluster_identifier | L4: db.r6g.large per detailed design compute sizing; scale up if replica lag exceeds 5 seconds | M4: 2025-06-18
A5: database.aurora.multi_az_enabled | B5: true | C5: false | D5: true | E5: Enable Multi-AZ replication for Aurora PostgreSQL primary instance | F5: Yes | G5: Boolean | H5: true|false | I5: Public | J5: Database Team | K5: database.aurora.cluster_identifier | L5: Must be true in production and DR to meet 99.95% availability SLA; 30-60s automatic failover | M5: 2025-06-18
A6: database.aurora.backup_retention_days | B6: 35 | C6: 7 | D6: 35 | E6: Automated snapshot retention period in days for Aurora PostgreSQL | F6: Yes | G6: Integer | H6: 1-35 | I6: Public | J6: Database Team | K6: database.aurora.cluster_identifier | L6: 35-day maximum enables PITR for full audit window; HIPAA archive via S3 for 7-year minimum | M6: 2025-06-18
A7: database.aurora.db_name | B7: medcore_cds | C7: medcore_cds | D7: medcore_cds | E7: Database name within the Aurora PostgreSQL cluster | F7: Yes | G7: String | H7: Lowercase alphanumeric underscores | I7: Confidential | J7: Database Team | K7: database.aurora.cluster_identifier | M7: 2025-06-18
A8: database.aurora.master_username | B8: [aurora-master-username] | C8: [aurora-master-username] | D8: [aurora-master-username] | E8: Aurora PostgreSQL master username stored in Secrets Manager; never in plaintext | F8: Yes | G8: String | H8: Valid PostgreSQL username | I8: Secret | J8: Database Team | K8: security.secrets_manager.aurora_secret_arn | L8: Rotated automatically every 30 days via Secrets Manager RDS rotation Lambda | M8: 2025-06-18
A9: database.aurora.master_password | B9: [aurora-master-password] | C9: [aurora-master-password] | D9: [aurora-master-password] | E9: Aurora PostgreSQL master password stored in Secrets Manager; never committed to IaC or code | F9: Yes | G9: String | H9: Min 16 chars with complexity requirements | I9: Secret | J9: Database Team | K9: security.secrets_manager.aurora_secret_arn | L9: 30-day automatic rotation via Secrets Manager; never stored in environment variables or logs | M9: 2025-06-18
A10: database.aurora.ssl_mode | B10: require | C10: require | D10: require | E10: SSL enforcement mode for Aurora PostgreSQL client connections | F10: Yes | G10: String | H10: disable|allow|prefer|require|verify-ca|verify-full | I10: Confidential | J10: Security Team | K10: database.aurora.cluster_identifier | L10: HIPAA TLS 1.2+ mandate; all application connections must present valid SSL | M10: 2025-06-18
A11: database.aurora.deletion_protection | B11: true | C11: false | D11: true | E11: Enable deletion protection on Aurora cluster to prevent accidental drops | F11: Yes | G11: Boolean | H11: true|false | I11: Public | J11: Database Team | K11: database.aurora.cluster_identifier | L11: Must be true in production and DR; AWS Config rule enforces compliance | M11: 2025-06-18

Sheet Cache
A1: Cache Parameters
A2: Parameter Name | B2: Production | C2: Test | D2: DR | E2: Description | F2: Required | G2: Data Type | H2: Validation Rules | I2: Security Level | J2: Owner Team | K2: Dependencies | L2: Notes | M2: Last Updated
A3: cache.elasticache.cluster_id | B3: medcore-cds-prod-redis | C3: medcore-cds-qa-redis | D3: medcore-cds-prod-redis | E3: ElastiCache Redis cluster identifier for patient context and feature vector caching | F3: Yes | G3: String | H3: medcore-cds-{env}-redis pattern | I3: Confidential | J3: Infrastructure | K3: solution.environment | L3: Sub-3-second inference SLA requires sub-millisecond cache reads; target cache hit ratio ≥ 90% | M3: 2025-06-18
A4: cache.elasticache.node_type | B4: cache.r7g.large | C4: cache.r6g.medium | D4: cache.r7g.large | E4: ElastiCache Redis node instance type | F4: Yes | G4: String | H4: Valid ElastiCache node type | I4: Public | J4: Infrastructure | K4: cache.elasticache.cluster_id | L4: r7g.large provides 13GB memory; right-size after 90 days of production cache hit ratio data | M4: 2025-06-18
A5: cache.elasticache.multi_az_enabled | B5: true | C5: false | D5: true | E5: Enable Multi-AZ replication with automatic failover for ElastiCache Redis | F5: Yes | G5: Boolean | H5: true|false | I5: Public | J5: Infrastructure | K5: cache.elasticache.cluster_id | L5: Primary (us-east-1a) + replica (us-east-1b); 60-second automatic failover on primary failure | M5: 2025-06-18
A6: cache.elasticache.at_rest_encryption | B6: true | C6: true | D6: true | E6: Enable encryption at rest for ElastiCache Redis using dedicated KMS CMK | F6: Yes | G6: Boolean | H6: true|false | I6: Public | J6: Security Team | K6: cache.elasticache.cluster_id, security.kms.elasticache_key_id | L6: HIPAA PHI protection mandate; separate CMK per data store for blast-radius isolation | M6: 2025-06-18
A7: cache.elasticache.ttl_patient_context_seconds | B7: 14400 | C7: 14400 | D7: 14400 | E7: TTL in seconds for patient feature vector entries in Redis (4 hours = maximum clinical review window) | F7: Yes | G7: Integer | H7: 60-86400 | I7: Public | J7: Development | K7: cache.elasticache.cluster_id | L7: 4-hour TTL aligned to active inpatient clinical review window per data architecture design | M7: 2025-06-18
A8: cache.elasticache.duplicate_suppression_ttl_seconds | B8: 1800 | C8: 1800 | D8: 1800 | E8: TTL in seconds for alert duplicate suppression window in Redis (30 minutes per alert type) | F8: Yes | G8: Integer | H8: 60-3600 | I8: Public | J8: Development | K8: cache.elasticache.cluster_id | L8: Prevents repeated same-type alerts per patient within 30-minute window; configurable via SSM | M8: 2025-06-18

Sheet Application
A1: Application Parameters
A2: Parameter Name | B2: Production | C2: Test | D2: DR | E2: Description | F2: Required | G2: Data Type | H2: Validation Rules | I2: Security Level | J2: Owner Team | K2: Dependencies | L2: Notes | M2: Last Updated
A3: application.name | B3: medcore-cds | C3: medcore-cds | D3: medcore-cds | E3: Application identifier used for logging and monitoring across all tiers | F3: Yes | G3: String | H3: Alphanumeric and hyphens max 50 chars | I3: Public | J3: Development | K3: solution.name | M3: 2025-06-18
A4: application.version | B4: 1.0.0 | C4: 1.0.0 | D4: 1.0.0 | E4: Current application version; updated on each production deployment | F4: Yes | G4: String | H4: Semantic versioning X.Y.Z | I4: Public | J4: Development | L4: Follows blue/green deployment; version must match SageMaker Model Registry promoted version | M4: 2025-06-18
A5: application.log_level | B5: info | C5: debug | D5: info | E5: Logging verbosity for all ECS Fargate tasks and Lambda functions | F5: Yes | G5: String | H5: debug|info|warn|error | I5: Public | J5: Operations | L5: Production and DR use info; QA uses debug per SOW environment strategy | M5: 2025-06-18
A6: application.port | B6: 8080 | C6: 8080 | D6: 8080 | E6: Application server port for ECS Fargate clinical dashboard and API backend containers | F6: Yes | G6: Integer | H6: 1024-65535 | I6: Public | J6: Development | K6: networking.alb_dashboard_id | L6: ALB Security Group must allow inbound on this port from ALB only; no direct public access | M6: 2025-06-18
A7: application.timeout_seconds | B7: 30 | C7: 30 | D7: 30 | E7: HTTP request timeout in seconds for clinical dashboard API endpoints | F7: Yes | G7: Integer | H7: 1-300 | I7: Public | J7: Development | L7: Must exceed inference latency budget; dashboard API timeout aligned to 3-second SLA | M7: 2025-06-18
A8: application.concurrency_max | B8: 12 | C8: 4 | D8: 12 | E8: Maximum ECS Fargate task count for dashboard and API backend auto-scaling ceiling | F8: Yes | G8: Integer | H8: 1-100 | I8: Public | J8: Development | K8: compute.ecs.scaling_min | L8: Ceiling sized for 18-hospital peak load; scale-out triggered on ALB request count per task | M8: 2025-06-18
A9: application.session_timeout_hours | B9: 8 | C9: 8 | D9: 8 | E9: Clinical dashboard session token expiry in hours aligned to clinical shift length | F9: Yes | G9: Integer | H9: 1-24 | I9: Public | J9: Security Team | K9: security.cognito.user_pool_id | L9: Cognito session expiry must match; aligned to Azure AD SAML re-authentication policy per security design | M9: 2025-06-18

Sheet Monitoring
A1: Monitoring Parameters
A2: Parameter Name | B2: Production | C2: Test | D2: DR | E2: Description | F2: Required | G2: Data Type | H2: Validation Rules | I2: Security Level | J2: Owner Team | K2: Dependencies | L2: Notes | M2: Last Updated
A3: monitoring.cloudwatch.alarm_sns_topic | B3: [alarm-sns-topic-arn] | C3: [alarm-sns-topic-arn] | D3: [alarm-sns-topic-arn] | E3: SNS topic ARN for CloudWatch operational alarms routing to PagerDuty on-call rotation | F3: Yes | G3: String | H3: Valid SNS ARN | I3: Confidential | J3: Operations | L3: Critical alarms page on-call immediately; High alarms email with 4-hour SLA per monitoring design | M3: 2025-06-18
A4: monitoring.cloudwatch.dashboard_name | B4: medcore-cds-prod-health | C4: medcore-cds-qa-health | D4: medcore-cds-prod-health | E4: CloudWatch operational dashboard name for the CDS Platform | F4: Yes | G4: String | H4: Non-empty string | I4: Public | J4: Operations | L4: Four dashboards provisioned: Ingestion Pipeline; ML Inference; Application; Compliance | M4: 2025-06-18
A5: monitoring.cloudwatch.latency_alarm_threshold_ms | B5: 3000 | C5: 5000 | D5: 3000 | E5: SageMaker endpoint P95 latency alarm threshold in milliseconds triggering Critical alert | F5: Yes | G5: Integer | H5: 1000-30000 | I5: Public | J5: Operations | K5: monitoring.cloudwatch.alarm_sns_topic | L5: Critical alarm if P95 > 3000ms for 2 consecutive 1-minute periods per alert definitions | M5: 2025-06-18
A6: monitoring.cloudwatch.ecs_cpu_alarm_threshold_pct | B6: 80 | C6: 90 | D6: 80 | E6: ECS Fargate task CPU utilization alarm threshold percentage triggering High alert | F6: Yes | G6: Integer | H6: 1-100 | I6: Public | J6: Operations | K6: monitoring.cloudwatch.alarm_sns_topic | L6: High alarm if CPU > 80% for 3 consecutive periods; investigate scale-out configuration | M6: 2025-06-18
A7: monitoring.cloudwatch.alb_5xx_alarm_threshold_pct | B7: 5 | C7: 10 | D7: 5 | E7: ALB 5xx error rate percentage threshold for Critical platform unavailability alarm | F7: Yes | G7: Integer | H7: 1-100 | I7: Public | J7: Operations | K7: monitoring.cloudwatch.alarm_sns_topic | L7: Critical alarm if 5xx > 5% for 3 consecutive 1-minute periods; initiate DR runbook | M7: 2025-06-18
A8: monitoring.datadog.site | B8: datadoghq.com | C8: datadoghq.com | D8: datadoghq.com | E8: Datadog site endpoint for APM agent configuration on ECS tasks and SageMaker hosts | F8: Yes | G8: String | H8: datadoghq.com|datadoghq.eu | I8: Public | J8: Operations | L8: Datadog APM covers all 20 ECS and SageMaker hosts; PagerDuty on-call integration for hypercare | M8: 2025-06-18
A9: monitoring.datadog.apm_enabled | B9: true | C9: false | D9: true | E9: Enable Datadog APM distributed tracing on ECS Fargate tasks and SageMaker endpoints | F9: Yes | G9: Boolean | H9: true|false | I9: Public | J9: Operations | K9: security.secrets_manager.datadog_api_key_arn | L9: Complements AWS X-Ray; provides enhanced application-level traces and PagerDuty on-call routing | M9: 2025-06-18
A10: monitoring.datadog.host_count | B10: 20 | C10: 4 | D10: 20 | E10: Number of hosts covered by Datadog APM subscription (ECS tasks + SageMaker instances) | F10: Yes | G10: Integer | H10: 1-1000 | I10: Public | J10: Operations | K10: monitoring.datadog.apm_enabled | L10: 20 hosts per SOW cost model; Datadog partner credit applied in Year 1 for 4 months free | M10: 2025-06-18
A11: monitoring.pagerduty.integration_key | B11: [pagerduty-integration-key] | C11: [pagerduty-integration-key] | D11: [pagerduty-integration-key] | E11: PagerDuty routing key for SNS-to-PagerDuty on-call escalation | F11: Yes | G11: String | H11: 32-character alphanumeric PagerDuty routing key | I11: Secret | J11: Operations | K11: monitoring.cloudwatch.alarm_sns_topic | L11: Stored in Secrets Manager; used during hypercare; transitions to MedCore IT ops post-hypercare | M11: 2025-06-18
A12: monitoring.xray_enabled | B12: true | C12: true | D12: true | E12: Enable AWS X-Ray distributed tracing for end-to-end inference path latency visibility | F12: Yes | G12: Boolean | H12: true|false | I12: Public | J12: Operations | L12: Traces Kinesis consumer Lambda through Feature Store to SageMaker to Bedrock to EventBridge | M12: 2025-06-18
A13: monitoring.quicksight.dashboard_name | B13: medcore-cds-outcomes | C13: medcore-cds-outcomes | D13: medcore-cds-outcomes | E13: Amazon QuickSight dashboard name for clinical outcomes and model performance monitoring | F13: Yes | G13: String | H13: Non-empty string | I13: Public | J13: Operations | K13: storage.redshift.cluster_identifier | L13: Refreshed every 15 minutes; tracks sepsis mortality trends; false-positive rates; adoption metrics | M13: 2025-06-18

Sheet Integration
A1: Integration Parameters
A2: Parameter Name | B2: Production | C2: Test | D2: DR | E2: Description | F2: Required | G2: Data Type | H2: Validation Rules | I2: Security Level | J2: Owner Team | K2: Dependencies | L2: Notes | M2: Last Updated
A3: integration.epic.fhir_base_url | B3: [epic-fhir-base-url] | C3: [epic-fhir-base-url] | D3: [epic-fhir-base-url] | E3: Epic FHIR R4 API base URL for SMART on FHIR subscription events | F3: Yes | G3: String | H3: Valid HTTPS URL | I3: Confidential | J3: Integration Team | L3: MedCore EHR Integration Lead must provision by Week 2 (critical path dependency per SOW) | M3: 2025-06-18
A4: integration.epic.oauth_token_url | B4: [epic-oauth-token-url] | C4: [epic-oauth-token-url] | D4: [epic-oauth-token-url] | E4: Epic SMART on FHIR OAuth 2.0 token endpoint URL for FHIR connector authentication | F4: Yes | G4: String | H4: Valid HTTPS URL | I4: Confidential | J4: Integration Team | K4: integration.epic.fhir_base_url | L4: OAuth 2.0 client credentials stored in Secrets Manager; 90-day token rotation configured | M4: 2025-06-18
A5: integration.epic.cds_hooks_callback_url | B5: [epic-cds-hooks-callback-url] | C5: [epic-cds-hooks-callback-url] | D5: [epic-cds-hooks-callback-url] | E5: Epic CDS Hooks 2.0 callback URL for writing risk score alerts back to the Epic workflow | F5: Yes | G5: String | H5: Valid HTTPS URL | I5: Confidential | J5: Integration Team | K5: integration.epic.fhir_base_url | L5: Best-effort delivery; dashboard alert delivery is the primary SLA path per API design | M5: 2025-06-18
A6: integration.epic.fhir_subscription_resources | B6: Observation,Encounter,MedicationRequest,DiagnosticReport | C6: Observation,Encounter,MedicationRequest,DiagnosticReport | D6: Observation,Encounter,MedicationRequest,DiagnosticReport | E6: Comma-separated list of FHIR R4 resource types for Epic subscription events | F6: Yes | G6: List(String) | H6: Valid FHIR R4 resource type names | I6: Public | J6: Integration Team | K6: integration.epic.fhir_base_url | L6: Covers vitals and lab observations; encounter admissions; medication history; diagnostic results | M6: 2025-06-18
A7: integration.epic.timeout_ms | B7: 10000 | C7: 10000 | D7: 10000 | E7: Timeout in milliseconds for Epic FHIR API calls from the Lambda connector | F7: Yes | G7: Integer | H7: 1000-60000 | I7: Public | J7: Integration Team | K7: integration.epic.fhir_base_url | L7: 10-second timeout; exponential back-off with 3 retries on transient failure per integration design | M7: 2025-06-18
A8: integration.mirth.endpoint_url | B8: [mirth-endpoint-url] | C8: [mirth-endpoint-url] | D8: [mirth-endpoint-url] | E8: Mirth Connect integration engine endpoint URL accessed via PrivateLink from AWS | F8: Yes | G8: String | H8: Valid internal PrivateLink endpoint URL | I8: Confidential | J8: Integration Team | K8: networking.privatelink_endpoints_enabled | L8: On-premises Nashville DC; accessible via Direct Connect / PrivateLink; HL7 v2.3 MLLP over TCP/IP | M8: 2025-06-18
A9: integration.mirth.hl7_message_types | B9: ADT_A01,ADT_A03,ADT_A08,ORU_R01 | C9: ADT_A01,ADT_A03,ADT_A08,ORU_R01 | D9: ADT_A01,ADT_A03,ADT_A08,ORU_R01 | E9: Comma-separated HL7 v2.3 message types consumed from Mirth Connect | F9: Yes | G9: List(String) | H9: Valid HL7 v2.3 message type identifiers | I9: Public | J9: Integration Team | K9: integration.mirth.endpoint_url | L9: ADT for patient movement events; ORU R01 for vitals observations from Philips/GE bedside monitors | M9: 2025-06-18
A10: integration.sql_server.export_schedule_cron | B10: cron(0 7 * * ? *) | C10: cron(0 7 * * ? *) | D10: cron(0 7 * * ? *) | E10: Cron expression for nightly readmission outcome export Lambda to on-premises SQL Server 2016 | F10: Yes | G10: String | H10: Valid AWS EventBridge cron expression | I10: Public | J10: Integration Team | L10: 07:00 UTC = 02:00 ET; nightly by 02:00 ET; one-way append-only export per integration design | M10: 2025-06-18
A11: integration.sql_server.endpoint | B11: [sql-server-endpoint] | C11: [sql-server-endpoint] | D11: [sql-server-endpoint] | E11: On-premises SQL Server 2016 data warehouse JDBC endpoint for nightly readmission export | F11: Yes | G11: String | H11: Valid JDBC connection string or hostname | I11: Confidential | J11: Integration Team | K11: networking.direct_connect_bandwidth_gbps | L11: Out-of-scope retained system; read-only nightly export; no PHI written back from SQL Server | M11: 2025-06-18

Sheet ML Platform
A1: ML Platform Parameters
A2: Parameter Name | B2: Production | C2: Test | D2: DR | E2: Description | F2: Required | G2: Data Type | H2: Validation Rules | I2: Security Level | J2: Owner Team | K2: Dependencies | L2: Notes | M2: Last Updated
A3: ml.kinesis.stream_name | B3: medcore-cds-prod-events | C3: medcore-cds-qa-events | D3: medcore-cds-prod-events | E3: Kinesis Data Streams stream name for real-time HL7 FHIR and HL7 v2.3 event ingestion | F3: Yes | G3: String | H3: medcore-cds-{env}-events pattern | I3: Confidential | J3: Cloud CoE | K3: solution.environment | L3: 10 shards provisioned with ≥ 30% headroom at 18-hospital peak load per detailed design | M3: 2025-06-18
A4: ml.kinesis.shard_count | B4: 10 | C4: 2 | D4: 10 | E4: Number of Kinesis Data Streams shards for HL7 event ingestion pipeline | F4: Yes | G4: Integer | H4: 1-500 | I4: Public | J4: Cloud CoE | K4: ml.kinesis.stream_name | L4: 10 shards per SOW scope; supports 10M+ events/month and 2500+ concurrent inpatient records | M4: 2025-06-18
A5: ml.kinesis.retention_hours | B5: 24 | C5: 24 | D5: 24 | E5: Kinesis Data Streams data retention period in hours | F5: Yes | G5: Integer | H5: 24-168 | I5: Public | J5: Cloud CoE | K5: ml.kinesis.stream_name | L5: 24-hour retention provides replay capability; enhances RPO for DR scenario recovery | M5: 2025-06-18
A6: ml.kinesis.dlq_alarm_threshold | B6: 0 | C6: 0 | D6: 0 | E6: CloudWatch alarm threshold for Kinesis consumer dead-letter queue message depth | F6: Yes | G6: Integer | H6: 0-1000 | I6: Public | J6: Operations | K6: ml.kinesis.stream_name, monitoring.cloudwatch.alarm_sns_topic | L6: Any DLQ message triggers High severity alarm for out-of-band investigation per monitoring design | M6: 2025-06-18
A7: ml.msk.cluster_name | B7: medcore-cds-prod-kafka | C7: medcore-cds-qa-kafka | D7: medcore-cds-prod-kafka | E7: Amazon MSK Kafka cluster name for internal event bus between ingestion and Feature Store pipeline | F7: Yes | G7: String | H7: medcore-cds-{env}-kafka pattern | I7: Confidential | J7: Cloud CoE | K7: solution.environment | L7: 3-broker cluster one per AZ; msk.m5.large per compute sizing; topic replication factor 3 | M7: 2025-06-18
A8: ml.msk.broker_count | B8: 3 | C8: 1 | D8: 3 | E8: Number of Amazon MSK brokers distributed one per Availability Zone | F8: Yes | G8: Integer | H8: 1-15 | I8: Public | J8: Cloud CoE | K8: ml.msk.cluster_name | L8: Three brokers ensures no data loss on single-broker AZ failure; scale out at > 60% throughput | M8: 2025-06-18
A9: ml.msk.broker_instance_type | B9: kafka.m5.large | C9: kafka.m5.large | D9: kafka.m5.large | E9: Amazon MSK broker instance type | F9: Yes | G9: String | H9: Valid MSK instance type | I9: Public | J9: Cloud CoE | K9: ml.msk.cluster_name | L9: Reserved Instance pricing applied; scale to kafka.m5.xlarge if throughput exceeds 60% | M9: 2025-06-18
A10: ml.msk.topic_partition_key | B10: PatientID | C10: PatientID | D10: PatientID | E10: Kafka topic partition key for MSK topics ensuring per-patient event ordering | F10: Yes | G10: String | H10: Valid field name from canonical event schema | I10: Public | J10: Cloud CoE | K10: ml.msk.cluster_name | L10: PatientID partitioning guarantees ordering of events per patient for Feature Store pipeline | M10: 2025-06-18
A11: ml.feature_store.online_feature_group_name | B11: medcore-cds-patient-features-online | C11: medcore-cds-patient-features-online | D11: medcore-cds-patient-features-online | E11: SageMaker Feature Store online feature group name for real-time inference feature retrieval | F11: Yes | G11: String | H11: Valid SageMaker feature group name | I11: Confidential | J11: Cloud CoE | L11: Sub-millisecond read latency target; approximately 2500 active patient records at peak | M11: 2025-06-18
A12: ml.feature_store.offline_feature_group_name | B12: medcore-cds-patient-features-offline | C12: medcore-cds-patient-features-offline | D12: medcore-cds-patient-features-offline | E12: SageMaker Feature Store offline feature group name for weekly model retraining workflow | F12: Yes | G12: String | H12: Valid SageMaker feature group name | I12: Confidential | J12: Cloud CoE | K12: storage.s3.model_artefacts_bucket_name | L12: Historical feature snapshots consumed by SageMaker Pipelines weekly retraining schedule | M12: 2025-06-18
A13: ml.feature_store.feature_completeness_threshold | B13: 0.8 | C13: 0.7 | D13: 0.8 | E13: Minimum feature completeness ratio below which a record is flagged as low_confidence and suppressed | F13: Yes | G13: Number | H13: 0.0-1.0 | I13: Public | J13: Cloud CoE | K13: ml.feature_store.online_feature_group_name | L13: Records below threshold do not produce a risk score alert; suppresses alerts on sparse data | M13: 2025-06-18
A14: ml.model.sepsis.auroc_threshold | B14: 0.85 | C14: 0.80 | D14: 0.85 | E14: Minimum AUROC required for sepsis model to be promoted to production via Model Registry | F14: Yes | G14: Number | H14: 0.0-1.0 | I14: Public | J14: Cloud CoE | L14: AUROC ≥ 0.85 is a hard go-live gate per SOW; Clinical Informatics Lead sign-off required | M14: 2025-06-18
A15: ml.model.sepsis.risk_score_alert_threshold | B15: 0.7 | C15: 0.6 | D15: 0.7 | E15: Sepsis risk score value above which an alert is generated and routed to clinical staff | F15: Yes | G15: Number | H15: 0.0-1.0 | I15: Public | J15: Cloud CoE | K15: ml.model.sepsis.auroc_threshold | L15: Configurable by Clinical Informatics Lead; lower threshold increases sensitivity vs. specificity | M15: 2025-06-18
A16: ml.model.retraining_schedule_cron | B16: cron(0 2 ? * SUN *) | C16: cron(0 2 ? * SUN *) | D16: cron(0 2 ? * SUN *) | E16: Cron expression for weekly SageMaker Pipelines model retraining schedule | F16: Yes | G16: String | H16: Valid AWS EventBridge cron expression | I16: Public | J16: Cloud CoE | L16: Sunday 02:00 UTC weekly retraining from offline Feature Store on ml.p3.2xlarge on-demand instance | M16: 2025-06-18
A17: ml.model.registry_name | B17: medcore-cds-model-registry | C17: medcore-cds-model-registry | D17: medcore-cds-model-registry | E17: SageMaker Model Registry model package group name governing version promotion | F17: Yes | G17: String | H17: Valid SageMaker model package group name | I17: Public | J17: Cloud CoE | K17: storage.s3.model_artefacts_bucket_name | L17: All 3 models registered here; blue/green deployment enforces Registry promotion before endpoint update | M17: 2025-06-18
A18: ml.bedrock.model_id | B18: anthropic.claude-3-sonnet-20240229-v1:0 | C18: anthropic.claude-3-haiku-20240307-v1:0 | D18: anthropic.claude-3-sonnet-20240229-v1:0 | E18: Amazon Bedrock Claude model ID for clinical narrative generation | F18: Yes | G18: String | H18: Valid Bedrock model identifier | I18: Public | J18: Cloud CoE | L18: Claude 3 Sonnet in production for narrative quality; Haiku in QA for cost; < 1-second P95 target | M18: 2025-06-18
A19: ml.bedrock.max_tokens | B19: 512 | C19: 256 | D19: 512 | E19: Maximum token count for Bedrock clinical narrative generation responses | F19: Yes | G19: Integer | H19: 1-4096 | I19: Public | J19: Cloud CoE | K19: ml.bedrock.model_id | L19: 512 tokens sufficient for bedside narrative summary; reduce further to lower cost and latency | M19: 2025-06-18
A20: ml.bedrock.timeout_ms | B20: 1000 | C20: 2000 | D20: 1000 | E20: Timeout in milliseconds for Bedrock invocations within the 3-second end-to-end SLA budget | F20: Yes | G20: Integer | H20: 500-10000 | I20: Public | J20: Cloud CoE | K20: ml.bedrock.model_id | L20: Fallback delivers alert without narrative if Bedrock exceeds 2s per risk mitigation design | M20: 2025-06-18
A21: ml.bedrock.prompt_template_version | B21: v1.0 | C21: v1.0 | D21: v1.0 | E21: Version identifier for the validated clinical narrative prompt template stored in SSM | F21: Yes | G21: String | H21: Semantic versioning X.Y.Z | I21: Public | J21: Cloud CoE | L21: Prompt templates validated by Clinical Informatics Lead; stored and versioned in SSM Parameter Store | M21: 2025-06-18
A22: ml.inference.latency_target_ms | B22: 3000 | C22: 3000 | D22: 3000 | E22: End-to-end inference latency target in milliseconds from Kinesis ingestion to alert dispatch at P95 | F22: Yes | G22: Integer | H22: 1000-30000 | I22: Public | J22: Cloud CoE | L22: Hard SLA per SOW; CI/CD auto-rollback triggered if P95 > 3000ms within 30 minutes of deployment | M22: 2025-06-18
A23: ml.inference.sagemaker_latency_budget_ms | B23: 1500 | C23: 2000 | D23: 1500 | E23: SageMaker endpoint invocation latency budget in milliseconds within the overall 3-second SLA | F23: Yes | G23: Integer | H23: 500-5000 | I23: Public | J23: Cloud CoE | K23: ml.inference.latency_target_ms | L23: Remaining budget: 300ms ingestion + 500ms feature extraction + 1000ms Bedrock + 200ms routing | M23: 2025-06-18
A24: ml.inference.shap_enabled | B24: true | C24: true | D24: true | E24: Enable SHAP explainability computation inline with every SageMaker inference call | F24: Yes | G24: Boolean | H24: true|false | I24: Public | J24: Cloud CoE | L24: Required for every alert per SOW mandate; SHAP adds ≤ 500ms within inference budget | M24: 2025-06-18
A25: ml.concurrent_patients_max | B25: 2500 | C25: 200 | D25: 2500 | E25: Maximum number of simultaneously monitored active inpatient records at peak load | F25: Yes | G25: Integer | H25: 1-100000 | I25: Public | J25: Cloud CoE | L25: Per SOW scope: > 2500 simultaneously monitored inpatients; auto-scaling absorbs burst load | M25: 2025-06-18
A26: ml.inference_volume_monthly | B26: 10000000 | C26: 500000 | D26: 10000000 | E26: Expected monthly inference request volume across all active inpatients at full utilization | F26: Yes | G26: Integer | H26: 1-1000000000 | I26: Public | J26: Cloud CoE | L26: 10M+ per SOW scope across 18 hospitals; auto-scaling on SageMaker endpoints absorbs bursts | M26: 2025-06-18

Sheet Operations
A1: Operations Parameters
A2: Parameter Name | B2: Production | C2: Test | D2: DR | E2: Description | F2: Required | G2: Data Type | H2: Validation Rules | I2: Security Level | J2: Owner Team | K2: Dependencies | L2: Notes | M2: Last Updated
A3: operations.backup.aurora_retention_days | B3: 35 | C3: 7 | D3: 35 | E3: RDS Aurora automated snapshot retention in days | F3: Yes | G3: Integer | H3: 1-35 | I3: Public | J3: Operations | K3: database.aurora.cluster_identifier | L3: 35-day maximum retention enables PITR; aligned to DR RPO ≤ 15 min and HIPAA audit requirements | M3: 2025-06-18
A4: operations.backup.elasticache_retention_days | B4: 7 | C4: 1 | D4: 7 | E4: ElastiCache Redis automatic daily snapshot retention in days | F4: Yes | G4: Integer | H4: 1-35 | I4: Public | J4: Operations | K4: cache.elasticache.cluster_id | L4: Cache re-populates from Feature Store within minutes; 7-day snapshot retention sufficient | M4: 2025-06-18
A5: operations.backup.redshift_retention_days | B5: 7 | C5: 1 | D5: 7 | E5: Redshift automated snapshot retention in days for outcomes analytics warehouse | F5: Yes | G5: Integer | H5: 1-35 | I5: Public | J5: Operations | K5: storage.redshift.cluster_identifier | L5: Analytics only; no SLA impact; 7-day retention adequate per data architecture design | M5: 2025-06-18
A6: operations.dr.rto_hours | B6: 4 | C6: 8 | D6: 4 | E6: Recovery Time Objective in hours for regional failover to passive DR region (us-west-2) | F6: Yes | G6: Integer | H6: 1-72 | I6: Public | J6: Operations | K6: solution.region.dr | L6: Route 53 DNS failover in 30s; Aurora global DB promotion 15-30 min; full restore ≤ 4 hours | M6: 2025-06-18
A7: operations.dr.rpo_minutes | B7: 15 | C7: 60 | D7: 15 | E7: Recovery Point Objective in minutes for maximum acceptable data loss in regional failover | F7: Yes | G7: Integer | H7: 1-1440 | I7: Public | J7: Operations | K7: storage.s3.cross_region_replication_enabled | L7: Based on HealthLake export frequency + Aurora cross-region replication lag; validated by DR drill | M7: 2025-06-18
A8: operations.dr.failover_test_schedule | B8: annual | C8: annual | D8: annual | E8: Frequency of scheduled regional failover DR drills to validate RTO and RPO targets | F8: Yes | G8: String | H8: annual|semi-annual|quarterly | I8: Public | J8: Operations | K8: solution.region.dr | L8: Annual DR drill in staging; results documented in Test Results Report; pass criteria per SOW | M8: 2025-06-18
A9: operations.ci_cd.pipeline_name | B9: medcore-cds-prod-deploy | C9: medcore-cds-qa-deploy | D9: medcore-cds-prod-deploy | E9: AWS CodePipeline pipeline name for application and SageMaker model endpoint deployments | F9: Yes | G9: String | H9: medcore-cds-{env}-deploy pattern | I9: Public | J9: Cloud CoE | K9: solution.environment | L9: Blue/green deployment for all SageMaker endpoint and ECS task definition updates | M9: 2025-06-18
A10: operations.ci_cd.rollback_latency_threshold_ms | B10: 3000 | C10: 5000 | D10: 3000 | E10: P95 latency threshold in milliseconds that triggers automatic CI/CD rollback within 30 minutes of deployment | F10: Yes | G10: Integer | H10: 1000-30000 | I10: Public | J10: Cloud CoE | K10: operations.ci_cd.pipeline_name | L10: Automated rollback protects clinical safety; restores previous Model Registry version in ≤ 15 min | M10: 2025-06-18
A11: operations.ci_cd.snyk_scanning_enabled | B11: true | C11: true | D11: true | E11: Enable Snyk container security scanning in CI/CD pipeline for ECS workloads | F11: Yes | G11: Boolean | H11: true|false | I11: Public | J11: Cloud CoE | L11: Blocks deployment on Critical or High CVEs; shift-left HIPAA security posture per security design | M11: 2025-06-18
A12: operations.scaling.sagemaker_cpu_threshold_pct | B12: 70 | C12: 80 | D12: 70 | E12: SageMaker endpoint CPU utilization percentage threshold triggering auto-scale-out | F12: Yes | G12: Integer | H12: 1-100 | I12: Public | J12: Cloud CoE | L12: Scale-out on SageMakerVariantInvocationsPerInstance metric; maintains headroom for latency SLA | M12: 2025-06-18
A13: operations.alert_duplicate_suppression_minutes | B13: 30 | C13: 30 | D13: 30 | E13: Minutes within which duplicate alerts of the same type for the same patient are suppressed | F13: Yes | G13: Integer | H13: 1-120 | I13: Public | J13: Cloud CoE | K13: cache.elasticache.cluster_id | L13: Configurable per alert type via SSM Parameter Store; reduces nursing alert fatigue per SOW goal | M13: 2025-06-18
A14: operations.facility_count | B14: 18 | C14: 1 | D14: 18 | E14: Number of hospitals in scope for CDS Platform rollout per SOW engagement scope | F14: Yes | G14: Integer | H14: 1-100 | I14: Public | J14: Cloud CoE | L14: 18 hospitals + 60+ outpatient clinics; Phase 3 completes full rollout by 2027-06-30 per SOW M8 | M14: 2025-06-18
A15: operations.clinical_users_mau | B15: 4200 | C15: 100 | D15: 4200 | E15: Monthly active clinical users across all facilities (nurses + physicians + administrators) | F15: Yes | G15: Integer | H15: 1-100000 | I15: Public | J15: Cloud CoE | K15: security.cognito.user_pool_id | L15: 4200 MAU per SOW scope; Cognito auto-scales; adoption target ≥ 75% per facility within 90 days | M15: 2025-06-18
A16: operations.compliance.config_remediation_critical_hours | B16: 24 | C16: 24 | D16: 24 | E16: Maximum hours to remediate a Critical AWS Config non-compliant finding per governance SLA | F16: Yes | G16: Integer | H16: 1-168 | I16: Public | J16: Security Team | K16: security.config_enabled | L16: Critical compliance findings remediated within 24 hours per SOW Governance section | M16: 2025-06-18
A17: operations.compliance.config_remediation_high_days | B17: 7 | C17: 14 | D17: 7 | E17: Maximum days to remediate a High AWS Config non-compliant finding per governance SLA | F17: Yes | G17: Integer | H17: 1-90 | I17: Public | J17: Security Team | K17: security.config_enabled | L17: High findings remediated within 7 days; Medium within 30 days per governance SLA | M17: 2025-06-18
A18: operations.access_review_cadence_days | B18: 60 | C18: 60 | D18: 60 | E18: Frequency in days of access review for Cognito role assignments and IAM policies | F18: Yes | G18: Integer | H18: 30-365 | I18: Public | J18: Security Team | K18: security.cognito.user_pool_id | L18: 60-day cadence during rollout; annual post-GA; ensures role assignments remain accurate as staff changes | M18: 2025-06-18
A19: operations.hypercare_duration_weeks | B19: 8 | C19: 0 | D19: 8 | E19: Post-GA hypercare support duration in weeks with 1-hour Critical incident response SLA | F19: Yes | G19: Integer | H19: 1-52 | I19: Public | J19: Cloud CoE | L19: 8-week hypercare per SOW; Critical defined as patient safety impact or platform unavailability | M19: 2025-06-18
